"Table 1.2 Employment by detailed occupation, 2014 and projected 2024 (Numbers in thousands)",,,,,,,,,
2014 National Employment Matrix title and code,,Occupation Type,Employment,,,,"Change, 2014-24",,"Job openings due to growth and replacements, 2014-24"
,,,Number,,Percent distribution,,,,
,,,2014 ,2024 ,2014,2024,Number,Percent,
"Total, all occupations",00-0000,Summary,"150,539.9","160,328.8",100.0,100.0,"9,788.9",6.5,"46,506.9"
Management occupations,11-0000,Summary,"9,157.5","9,662.9",6.1,6.0,505.4,5.5,"2,586.8"
Top executives,11-1000,Summary,"2,525.9","2,672.5",1.7,1.7,146.6,5.8,760.0
Chief executives,11-1011,Line item,343.4,339.4,0.2,0.2,-4.1,-1.2,58.4
General and operations managers,11-1021,Line item,"2,124.1","2,275.2",1.4,1.4,151.1,7.1,688.8
Legislators,11-1031,Line item,58.3,57.9,0.0,0.0,-0.4,-0.7,12.9
"Advertising, marketing, promotions, public relations, and sales managers",11-2000,Summary,667.3,710.7,0.4,0.4,43.4,6.5,210.7
Advertising and promotions managers,11-2011,Line item,31.0,32.4,0.0,0.0,1.5,4.7,11.4
Marketing and sales managers,11-2020,Summary,570.6,607.8,0.4,0.4,37.3,6.5,172.2
Marketing managers,11-2021,Line item,194.3,212.5,0.1,0.1,18.2,9.4,64.2
Sales managers,11-2022,Line item,376.3,395.3,0.2,0.2,19.0,5.1,108.0
Public relations and fundraising managers,11-2031,Line item,65.8,70.5,0.0,0.0,4.7,7.1,27.1
Operations specialties managers,11-3000,Summary,"1,721.9","1,847.7",1.1,1.2,125.9,7.3,499.9
Administrative services managers,11-3011,Line item,287.3,310.8,0.2,0.2,23.5,8.2,77.2
Computer and information systems managers,11-3021,Line item,348.5,402.2,0.2,0.3,53.7,15.4,94.8
Financial managers,11-3031,Line item,555.9,593.5,0.4,0.4,37.7,6.8,169.3
Industrial production managers,11-3051,Line item,173.4,167.0,0.1,0.1,-6.3,-3.7,49.1
Purchasing managers,11-3061,Line item,73.0,73.7,0.0,0.0,0.7,1.0,17.9
"Transportation, storage, and distribution managers",11-3071,Line item,111.6,114.1,0.1,0.1,2.5,2.2,27.1
Compensation and benefits managers,11-3111,Line item,16.9,18.0,0.0,0.0,1.1,6.5,6.0
Human resources managers,11-3121,Line item,122.5,133.3,0.1,0.1,10.8,8.8,46.6
Training and development managers,11-3131,Line item,32.9,35.2,0.0,0.0,2.3,7.0,11.9
Other management occupations,11-9000,Summary,"4,242.5","4,431.9",2.8,2.8,189.5,4.5,"1,116.2"
"Farmers, ranchers, and other agricultural managers",11-9013,Line item,929.8,911.7,0.6,0.6,-18.1,-1.9,158.4
Construction managers,11-9021,Line item,373.2,391.1,0.2,0.2,17.8,4.8,70.1
Education administrators,11-9030,Summary,516.9,551.8,0.3,0.3,34.9,6.8,185.2
"Education administrators, preschool and childcare center/program",11-9031,Line item,64.0,68.2,0.0,0.0,4.2,6.6,22.9
"Education administrators, elementary and secondary school",11-9032,Line item,240.0,254.0,0.2,0.2,14.0,5.8,83.8
"Education administrators, postsecondary",11-9033,Line item,175.1,190.3,0.1,0.1,15.2,8.7,66.1
"Education administrators, all other",11-9039,Line item,37.8,39.3,0.0,0.0,1.5,4.0,12.5
Architectural and engineering managers,11-9041,Line item,182.1,185.8,0.1,0.1,3.7,2.0,59.5
Food service managers,11-9051,Line item,305.0,320.7,0.2,0.2,15.7,5.1,77.1
Funeral service managers,11-9061,Line item,29.3,30.3,0.0,0.0,1.0,3.3,7.4
Gaming managers,11-9071,Line item,3.8,3.8,0.0,0.0,0.0,-0.6,0.8
Lodging managers,11-9081,Line item,48.4,52.1,0.0,0.0,3.7,7.6,13.0
Medical and health services managers,11-9111,Line item,333.0,389.3,0.2,0.2,56.3,16.9,140.5
Natural sciences managers,11-9121,Line item,55.1,56.9,0.0,0.0,1.8,3.3,13.3
Postmasters and mail superintendents,11-9131,Line item,17.3,12.8,0.0,0.0,-4.6,-26.2,3.8
"Property, real estate, and community association managers",11-9141,Line item,313.8,339.1,0.2,0.2,25.3,8.1,79.9
Social and community service managers,11-9151,Line item,138.5,151.7,0.1,0.1,13.2,9.5,49.8
Emergency management directors,11-9161,Line item,10.5,11.2,0.0,0.0,0.7,6.2,1.9
"Managers, all other",11-9199,Line item,985.6,"1,023.6",0.7,0.6,38.0,3.9,255.4
Business and financial operations occupations,13-0000,Summary,"7,565.3","8,197.8",5.0,5.1,632.4,8.4,"2,191.7"
Business operations specialists,13-1000,Summary,"4,708.8","5,054.2",3.1,3.2,345.5,7.3,"1,204.5"
"Agents and business managers of artists, performers, and athletes",13-1011,Line item,19.7,20.2,0.0,0.0,0.5,2.5,6.8
Buyers and purchasing agents,13-1020,Summary,443.2,450.3,0.3,0.3,7.2,1.6,135.1
"Buyers and purchasing agents, farm products",13-1021,Line item,12.9,13.5,0.0,0.0,0.6,4.6,3.3
"Wholesale and retail buyers, except farm products",13-1022,Line item,129.5,137.5,0.1,0.1,8.1,6.2,49.1
"Purchasing agents, except wholesale, retail, and farm products",13-1023,Line item,300.8,299.3,0.2,0.2,-1.5,-0.5,82.7
"Claims adjusters, appraisers, examiners, and investigators",13-1030,Summary,315.3,324.9,0.2,0.2,9.6,3.1,87.9
"Claims adjusters, examiners, and investigators",13-1031,Line item,299.7,309.5,0.2,0.2,9.8,3.3,84.0
"Insurance appraisers, auto damage",13-1032,Line item,15.5,15.4,0.0,0.0,-0.2,-1.2,3.8
Compliance officers,13-1041,Line item,260.3,269.0,0.2,0.2,8.7,3.3,45.3
Cost estimators,13-1051,Line item,213.5,232.3,0.1,0.1,18.7,8.8,79.5
Human resources workers,13-1070,Summary,564.1,579.6,0.4,0.4,15.6,2.8,159.3
Human resources specialists,13-1071,Line item,482.0,503.9,0.3,0.3,22.0,4.6,139.3
Farm labor contractors,13-1074,Line item,0.1,0.1,0.0,0.0,0.0,-8.9,0.0
Labor relations specialists,13-1075,Line item,82.1,75.6,0.1,0.0,-6.4,-7.8,20.0
Logisticians,13-1081,Line item,130.4,132.9,0.1,0.1,2.5,1.9,20.6
Management analysts,13-1111,Line item,758.0,861.4,0.5,0.5,103.4,13.6,208.5
"Meeting, convention, and event planners",13-1121,Line item,100.0,109.9,0.1,0.1,9.9,9.9,21.8
Fundraisers,13-1131,Line item,73.4,80.3,0.0,0.1,6.9,9.3,17.1
"Compensation, benefits, and job analysis specialists",13-1141,Line item,84.7,88.1,0.1,0.1,3.4,4.0,24.0
Training and development specialists,13-1151,Line item,252.6,271.5,0.2,0.2,18.9,7.5,80.4
Market research analysts and marketing specialists,13-1161,Line item,495.5,587.8,0.3,0.4,92.3,18.6,151.4
"Business operations specialists, all other",13-1199,Line item,998.0,"1,046.0",0.7,0.7,48.0,4.8,166.9
Financial specialists,13-2000,Summary,"2,856.6","3,143.5",1.9,2.0,287.0,10.0,987.2
Accountants and auditors,13-2011,Line item,"1,332.7","1,475.1",0.9,0.9,142.4,10.7,498.0
Appraisers and assessors of real estate,13-2021,Line item,85.8,92.5,0.1,0.1,6.8,7.9,20.5
Budget analysts,13-2031,Line item,60.8,62.3,0.0,0.0,1.5,2.5,16.7
Credit analysts,13-2041,Line item,69.4,73.6,0.0,0.0,4.2,6.1,34.3
Financial analysts and advisors,13-2050,Summary,630.4,724.8,0.4,0.5,94.5,15.0,245.4
Financial analysts,13-2051,Line item,277.6,310.0,0.2,0.2,32.3,11.7,89.4
Personal financial advisors,13-2052,Line item,249.4,323.2,0.2,0.2,73.9,29.6,136.4
Insurance underwriters,13-2053,Line item,103.4,91.6,0.1,0.1,-11.7,-11.4,19.5
Financial examiners,13-2061,Line item,38.2,42.0,0.0,0.0,3.7,9.7,13.1
Credit counselors and loan officers,13-2070,Summary,335.8,365.3,0.2,0.2,29.6,8.8,85.4
Credit counselors,13-2071,Line item,32.6,37.6,0.0,0.0,5.0,15.5,10.5
Loan officers,13-2072,Line item,303.2,327.7,0.2,0.2,24.5,8.1,75.0
"Tax examiners, collectors and preparers, and revenue agents",13-2080,Summary,158.4,155.6,0.1,0.1,-2.8,-1.7,51.9
"Tax examiners and collectors, and revenue agents",13-2081,Line item,67.9,63.7,0.0,0.0,-4.2,-6.2,27.8
Tax preparers,13-2082,Line item,90.4,91.8,0.1,0.1,1.4,1.6,24.1
"Financial specialists, all other",13-2099,Line item,145.2,152.3,0.1,0.1,7.1,4.9,21.9
Computer and mathematical occupations,15-0000,Summary,"4,068.3","4,599.7",2.7,2.9,531.4,13.1,"1,156.8"
Computer occupations,15-1100,Summary,"3,916.1","4,404.6",2.6,2.7,488.5,12.5,"1,083.8"
Computer and information research scientists,15-1111,Line item,25.6,28.3,0.0,0.0,2.7,10.7,6.0
Computer and information analysts,15-1120,Summary,650.7,784.1,0.4,0.5,133.4,20.5,217.1
Computer systems analysts,15-1121,Line item,567.8,686.3,0.4,0.4,118.6,20.9,191.6
Information security analysts,15-1122,Line item,82.9,97.7,0.1,0.1,14.8,17.9,25.5
Software developers and programmers,15-1130,Summary,"1,591.1","1,790.8",1.1,1.1,199.7,12.5,485.4
Computer programmers,15-1131,Line item,328.6,302.2,0.2,0.2,-26.5,-8.0,81.0
"Software developers, applications",15-1132,Line item,718.4,853.7,0.5,0.5,135.3,18.8,238.0
"Software developers, systems software",15-1133,Line item,395.6,447.0,0.3,0.3,51.3,13.0,107.9
Web developers,15-1134,Line item,148.5,188.0,0.1,0.1,39.5,26.6,58.6
Database and systems administrators and network architects,15-1140,Summary,648.8,705.0,0.4,0.4,56.2,8.7,150.1
Database administrators,15-1141,Line item,120.0,133.4,0.1,0.1,13.4,11.1,39.2
Network and computer systems administrators,15-1142,Line item,382.6,412.8,0.3,0.3,30.2,7.9,79.4
Computer network architects,15-1143,Line item,146.2,158.9,0.1,0.1,12.7,8.7,31.5
Computer support specialists,15-1150,Summary,766.9,855.7,0.5,0.5,88.8,11.6,187.4
Computer user support specialists,15-1151,Line item,585.9,661.0,0.4,0.4,75.1,12.8,150.5
Computer network support specialists,15-1152,Line item,181.0,194.6,0.1,0.1,13.6,7.5,36.9
"Computer occupations, all other",15-1199,Line item,233.0,240.8,0.2,0.2,7.7,3.3,37.7
Mathematical science occupations,15-2000,Summary,152.2,195.1,0.1,0.1,42.9,28.2,73.0
Actuaries,15-2011,Line item,24.6,29.0,0.0,0.0,4.4,18.1,11.7
Mathematicians,15-2021,Line item,3.5,4.2,0.0,0.0,0.7,21.4,1.3
Operations research analysts,15-2031,Line item,91.3,118.9,0.1,0.1,27.6,30.2,43.9
Statisticians,15-2041,Line item,30.0,40.1,0.0,0.0,10.1,33.8,15.4
Miscellaneous mathematical science occupations,15-2090,Summary,3.0,2.9,0.0,0.0,-0.1,-1.8,0.6
Mathematical technicians,15-2091,Line item,1.2,1.1,0.0,0.0,-0.2,-12.6,0.2
"Mathematical science occupations, all other",15-2099,Line item,1.8,1.9,0.0,0.0,0.1,5.7,0.4
Architecture and engineering occupations,17-0000,Summary,"2,532.7","2,599.9",1.7,1.6,67.2,2.7,710.9
"Architects, surveyors, and cartographers",17-1000,Summary,191.7,203.5,0.1,0.1,11.8,6.1,52.5
"Architects, except naval",17-1010,Summary,135.1,144.2,0.1,0.1,9.0,6.7,31.3
"Architects, except landscape and naval",17-1011,Line item,112.6,120.4,0.1,0.1,7.8,6.9,26.3
Landscape architects,17-1012,Line item,22.5,23.7,0.0,0.0,1.2,5.5,4.9
"Surveyors, cartographers, and photogrammetrists",17-1020,Summary,56.6,59.3,0.0,0.0,2.7,4.8,21.2
Cartographers and photogrammetrists,17-1021,Line item,12.3,15.9,0.0,0.0,3.6,29.3,7.4
Surveyors,17-1022,Line item,44.3,43.4,0.0,0.0,-0.9,-2.0,13.7
Engineers,17-2000,Summary,"1,636.2","1,701.2",1.1,1.1,65.0,4.0,510.9
Aerospace engineers,17-2011,Line item,72.5,70.8,0.0,0.0,-1.6,-2.3,20.7
Agricultural engineers,17-2021,Line item,2.9,3.0,0.0,0.0,0.1,4.4,0.7
Biomedical engineers,17-2031,Line item,22.1,27.2,0.0,0.0,5.1,23.1,10.9
Chemical engineers,17-2041,Line item,34.3,34.9,0.0,0.0,0.6,1.8,10.0
Civil engineers,17-2051,Line item,281.4,305.0,0.2,0.2,23.6,8.4,106.7
Computer hardware engineers,17-2061,Line item,77.7,80.1,0.1,0.0,2.4,3.1,18.4
Electrical and electronics engineers,17-2070,Summary,315.9,315.7,0.2,0.2,-0.1,0.0,71.4
Electrical engineers,17-2071,Line item,178.4,180.2,0.1,0.1,1.8,1.0,41.1
"Electronics engineers, except computer",17-2072,Line item,137.4,135.5,0.1,0.1,-1.9,-1.4,30.3
Environmental engineers,17-2081,Line item,55.1,62.0,0.0,0.0,6.8,12.4,22.4
"Industrial engineers, including health and safety",17-2110,Summary,266.3,270.0,0.2,0.2,3.7,1.4,81.8
"Health and safety engineers, except mining safety engineers and inspectors",17-2111,Line item,25.2,26.8,0.0,0.0,1.6,6.2,9.0
Industrial engineers,17-2112,Line item,241.1,243.2,0.2,0.2,2.1,0.9,72.8
Marine engineers and naval architects,17-2121,Line item,8.3,9.0,0.0,0.0,0.7,8.9,2.9
Materials engineers,17-2131,Line item,25.3,25.6,0.0,0.0,0.3,1.3,9.2
Mechanical engineers,17-2141,Line item,277.5,292.1,0.2,0.2,14.6,5.3,102.5
"Mining and geological engineers, including mining safety engineers",17-2151,Line item,8.3,8.8,0.0,0.0,0.5,6.4,2.7
Nuclear engineers,17-2161,Line item,16.8,16.2,0.0,0.0,-0.7,-4.0,4.4
Petroleum engineers,17-2171,Line item,35.1,38.5,0.0,0.0,3.4,9.8,13.0
"Engineers, all other",17-2199,Line item,136.9,142.3,0.1,0.1,5.5,4.0,33.0
"Drafters, engineering technicians, and mapping technicians",17-3000,Summary,704.7,695.1,0.5,0.4,-9.6,-1.4,147.5
Drafters,17-3010,Summary,204.4,198.3,0.1,0.1,-6.2,-3.0,25.8
Architectural and civil drafters,17-3011,Line item,94.0,91.2,0.1,0.1,-2.8,-3.0,11.1
Electrical and electronics drafters,17-3012,Line item,30.1,31.7,0.0,0.0,1.6,5.4,5.2
Mechanical drafters,17-3013,Line item,65.7,61.2,0.0,0.0,-4.5,-6.8,7.8
"Drafters, all other",17-3019,Line item,14.7,14.2,0.0,0.0,-0.5,-3.4,1.7
"Engineering technicians, except drafters",17-3020,Summary,443.0,443.9,0.3,0.3,0.9,0.2,115.2
Aerospace engineering and operations technicians,17-3021,Line item,11.4,11.8,0.0,0.0,0.4,3.6,3.2
Civil engineering technicians,17-3022,Line item,74.0,77.6,0.0,0.0,3.5,4.8,21.6
Electrical and electronics engineering technicians,17-3023,Line item,139.4,136.6,0.1,0.1,-2.8,-2.0,34.1
Electro-mechanical technicians,17-3024,Line item,14.7,14.8,0.0,0.0,0.1,0.7,3.7
Environmental engineering technicians,17-3025,Line item,18.6,20.4,0.0,0.0,1.9,10.0,6.4
Industrial engineering technicians,17-3026,Line item,66.5,63.5,0.0,0.0,-3.0,-4.5,16.3
Mechanical engineering technicians,17-3027,Line item,48.4,49.3,0.0,0.0,0.9,2.0,12.8
"Engineering technicians, except drafters, all other",17-3029,Line item,70.1,69.9,0.0,0.0,-0.2,-0.2,17.1
Surveying and mapping technicians,17-3031,Line item,57.3,52.9,0.0,0.0,-4.3,-7.6,6.5
"Life, physical, and social science occupations",19-0000,Summary,"1,310.4","1,408.0",0.9,0.9,97.6,7.4,472.6
Life scientists,19-1000,Summary,310.9,330.0,0.2,0.2,19.1,6.1,116.6
Agricultural and food scientists,19-1010,Summary,36.1,38.0,0.0,0.0,1.9,5.4,14.5
Animal scientists,19-1011,Line item,2.9,3.2,0.0,0.0,0.2,7.3,1.2
Food scientists and technologists,19-1012,Line item,15.4,16.0,0.0,0.0,0.5,3.5,5.9
Soil and plant scientists,19-1013,Line item,17.7,18.9,0.0,0.0,1.2,6.7,7.3
Biological scientists,19-1020,Summary,114.1,118.4,0.1,0.1,4.3,3.7,35.0
Biochemists and biophysicists,19-1021,Line item,34.1,36.9,0.0,0.0,2.8,8.2,11.9
Microbiologists,19-1022,Line item,22.4,23.2,0.0,0.0,0.8,3.5,6.8
Zoologists and wildlife biologists,19-1023,Line item,21.3,22.2,0.0,0.0,0.8,4.0,6.6
"Biological scientists, all other",19-1029,Line item,36.4,36.2,0.0,0.0,-0.2,-0.4,9.7
Conservation scientists and foresters,19-1030,Summary,36.5,39.3,0.0,0.0,2.7,7.5,18.7
Conservation scientists,19-1031,Line item,21.1,22.5,0.0,0.0,1.4,6.9,10.6
Foresters,19-1032,Line item,15.5,16.8,0.0,0.0,1.3,8.3,8.0
Medical scientists,19-1040,Summary,113.6,123.0,0.1,0.1,9.3,8.2,44.5
Epidemiologists,19-1041,Line item,5.8,6.1,0.0,0.0,0.4,6.3,2.2
"Medical scientists, except epidemiologists",19-1042,Line item,107.9,116.8,0.1,0.1,9.0,8.3,42.4
"Life scientists, all other",19-1099,Line item,10.6,11.3,0.0,0.0,0.8,7.2,4.0
Physical scientists,19-2000,Summary,296.8,316.6,0.2,0.2,19.9,6.7,92.7
Astronomers and physicists,19-2010,Summary,20.0,21.4,0.0,0.0,1.5,7.4,5.3
Astronomers,19-2011,Line item,1.9,1.9,0.0,0.0,0.1,2.8,0.4
Physicists,19-2012,Line item,18.1,19.5,0.0,0.0,1.4,7.9,4.9
Atmospheric and space scientists,19-2021,Line item,11.8,12.9,0.0,0.0,1.1,9.2,3.3
Chemists and materials scientists,19-2030,Summary,98.4,101.0,0.1,0.1,2.6,2.6,24.2
Chemists,19-2031,Line item,91.1,93.5,0.1,0.1,2.4,2.6,22.4
Materials scientists,19-2032,Line item,7.3,7.5,0.0,0.0,0.2,2.7,1.8
Environmental scientists and geoscientists,19-2040,Summary,138.0,152.5,0.1,0.1,14.5,10.5,56.9
"Environmental scientists and specialists, including health",19-2041,Line item,94.6,104.8,0.1,0.1,10.2,10.7,39.3
"Geoscientists, except hydrologists and geographers",19-2042,Line item,36.4,40.2,0.0,0.0,3.8,10.5,15.0
Hydrologists,19-2043,Line item,7.0,7.5,0.0,0.0,0.5,6.9,2.6
"Physical scientists, all other",19-2099,Line item,28.5,28.8,0.0,0.0,0.3,1.0,3.0
Social scientists and related workers,19-3000,Summary,307.1,344.7,0.2,0.2,37.5,12.2,97.2
Economists,19-3011,Line item,21.5,22.7,0.0,0.0,1.2,5.7,7.0
Survey researchers,19-3022,Line item,16.7,18.7,0.0,0.0,1.9,11.6,3.9
Psychologists,19-3030,Summary,173.9,206.4,0.1,0.1,32.5,18.7,69.8
"Clinical, counseling, and school psychologists",19-3031,Line item,155.3,185.9,0.1,0.1,30.5,19.6,63.8
Industrial-organizational psychologists,19-3032,Line item,2.0,2.3,0.0,0.0,0.4,19.1,0.8
"Psychologists, all other",19-3039,Line item,16.6,18.3,0.0,0.0,1.6,9.8,5.2
Sociologists,19-3041,Line item,2.6,2.5,0.0,0.0,0.0,-0.7,0.3
Urban and regional planners,19-3051,Line item,38.0,40.4,0.0,0.0,2.4,6.3,9.4
Miscellaneous social scientists and related workers,19-3090,Summary,54.4,53.9,0.0,0.0,-0.5,-1.0,6.8
Anthropologists and archeologists,19-3091,Line item,7.7,8.0,0.0,0.0,0.3,3.8,1.2
Geographers,19-3092,Line item,1.4,1.4,0.0,0.0,0.0,-1.6,0.2
Historians,19-3093,Line item,3.5,3.5,0.0,0.0,0.1,1.7,0.5
Political scientists,19-3094,Line item,6.2,6.0,0.0,0.0,-0.1,-2.3,0.7
"Social scientists and related workers, all other",19-3099,Line item,35.6,34.9,0.0,0.0,-0.7,-2.0,4.2
"Life, physical, and social science technicians",19-4000,Summary,395.6,416.7,0.3,0.3,21.1,5.3,166.1
Agricultural and food science technicians,19-4011,Line item,33.0,34.7,0.0,0.0,1.6,4.9,12.4
Biological technicians,19-4021,Line item,79.3,83.5,0.1,0.1,4.1,5.2,26.3
Chemical technicians,19-4031,Line item,66.5,67.7,0.0,0.0,1.2,1.9,21.1
Geological and petroleum technicians,19-4041,Line item,16.5,18.5,0.0,0.0,1.9,11.8,8.0
Nuclear technicians,19-4051,Line item,6.8,6.4,0.0,0.0,-0.3,-5.1,2.8
Social science research assistants,19-4061,Line item,32.0,33.8,0.0,0.0,1.8,5.6,15.2
"Miscellaneous life, physical, and social science technicians",19-4090,Summary,161.4,172.2,0.1,0.1,10.7,6.6,80.2
"Environmental science and protection technicians, including health",19-4091,Line item,36.2,39.6,0.0,0.0,3.4,9.5,18.6
Forensic science technicians,19-4092,Line item,14.4,18.2,0.0,0.0,3.8,26.6,9.9
Forest and conservation technicians,19-4093,Line item,32.6,30.8,0.0,0.0,-1.9,-5.7,13.7
"Life, physical, and social science technicians, all other",19-4099,Line item,78.2,83.5,0.1,0.1,5.3,6.8,38.1
Community and social service occupations,21-0000,Summary,"2,465.7","2,723.4",1.6,1.7,257.7,10.5,792.6
"Counselors, social workers, and other community and social service specialists",21-1000,Summary,"2,033.7","2,269.4",1.4,1.4,235.7,11.6,672.6
Counselors,21-1010,Summary,687.6,777.0,0.5,0.5,89.3,13.0,233.2
Substance abuse and behavioral disorder counselors,21-1011,Line item,94.9,116.2,0.1,0.1,21.2,22.3,41.1
"Educational, guidance, school, and vocational counselors",21-1012,Line item,273.4,295.9,0.2,0.2,22.5,8.2,79.7
Marriage and family therapists,21-1013,Line item,33.7,38.7,0.0,0.0,5.0,14.8,12.1
Mental health counselors,21-1014,Line item,134.5,160.9,0.1,0.1,26.4,19.6,54.5
Rehabilitation counselors,21-1015,Line item,120.1,130.9,0.1,0.1,10.8,9.0,36.0
"Counselors, all other",21-1019,Line item,31.0,34.4,0.0,0.0,3.4,11.0,9.9
Social workers,21-1020,Summary,649.3,724.1,0.4,0.5,74.8,11.5,231.2
"Child, family, and school social workers",21-1021,Line item,305.2,324.2,0.2,0.2,19.0,6.2,92.5
Healthcare social workers,21-1022,Line item,160.1,191.0,0.1,0.1,30.9,19.3,69.5
Mental health and substance abuse social workers,21-1023,Line item,117.8,140.0,0.1,0.1,22.3,18.9,50.7
"Social workers, all other",21-1029,Line item,66.4,68.9,0.0,0.0,2.5,3.8,18.5
Miscellaneous community and social service specialists,21-1090,Summary,696.8,768.3,0.5,0.5,71.6,10.3,208.2
Health educators,21-1091,Line item,61.4,68.9,0.0,0.0,7.5,12.2,19.5
Probation officers and correctional treatment specialists,21-1092,Line item,91.7,95.0,0.1,0.1,3.3,3.6,21.3
Social and human service assistants,21-1093,Line item,386.6,430.8,0.3,0.3,44.2,11.4,120.0
Community health workers,21-1094,Line item,54.3,62.4,0.0,0.0,8.1,14.9,18.8
"Community and social service specialists, all other",21-1099,Line item,102.7,111.1,0.1,0.1,8.4,8.2,28.6
Religious workers,21-2000,Summary,432.0,454.0,0.3,0.3,22.0,5.1,120.0
Clergy,21-2011,Line item,244.2,258.0,0.2,0.2,13.8,5.6,66.3
"Directors, religious activities and education",21-2021,Line item,131.9,137.5,0.1,0.1,5.7,4.3,41.2
"Religious workers, all other",21-2099,Line item,55.9,58.5,0.0,0.0,2.6,4.7,12.5
Legal occupations,23-0000,Summary,"1,268.2","1,332.8",0.8,0.8,64.6,5.1,283.8
"Lawyers, judges, and related workers",23-1000,Summary,844.2,887.7,0.6,0.6,43.5,5.1,169.1
Lawyers and judicial law clerks,23-1010,Summary,791.1,834.1,0.5,0.5,43.1,5.4,160.4
Lawyers,23-1011,Line item,778.7,822.5,0.5,0.5,43.8,5.6,157.7
Judicial law clerks,23-1012,Line item,12.4,11.6,0.0,0.0,-0.8,-6.3,2.7
"Judges, magistrates, and other judicial workers",23-1020,Summary,53.2,53.6,0.0,0.0,0.4,0.7,8.7
"Administrative law judges, adjudicators, and hearing officers",23-1021,Line item,15.0,14.5,0.0,0.0,-0.5,-3.6,2.2
"Arbitrators, mediators, and conciliators",23-1022,Line item,8.4,9.2,0.0,0.0,0.8,9.2,2.0
"Judges, magistrate judges, and magistrates",23-1023,Line item,29.7,29.9,0.0,0.0,0.2,0.6,4.5
Legal support workers,23-2000,Summary,424.0,445.1,0.3,0.3,21.1,5.0,114.7
Paralegals and legal assistants,23-2011,Line item,279.5,300.8,0.2,0.2,21.2,7.6,82.7
Miscellaneous legal support workers,23-2090,Summary,144.4,144.3,0.1,0.1,-0.1,-0.1,32.1
Court reporters,23-2091,Line item,20.8,21.1,0.0,0.0,0.3,1.5,4.9
"Title examiners, abstractors, and searchers",23-2093,Line item,71.1,70.8,0.0,0.0,-0.2,-0.3,15.6
"Legal support workers, all other",23-2099,Line item,52.6,52.4,0.0,0.0,-0.2,-0.4,11.6
"Education, training, and library occupations",25-0000,Summary,"9,216.1","9,913.7",6.1,6.2,697.6,7.6,"2,661.1"
Postsecondary teachers,25-1000,Summary,"1,869.4","2,088.8",1.2,1.3,219.4,11.7,550.6
"Business teachers, postsecondary",25-1011,Line item,106.8,116.2,0.1,0.1,9.4,8.8,28.3
"Math and computer teachers, postsecondary",25-1020,Summary,106.9,121.1,0.1,0.1,14.2,13.3,33.1
"Computer science teachers, postsecondary",25-1021,Line item,43.4,47.2,0.0,0.0,3.8,8.7,11.5
"Mathematical science teachers, postsecondary",25-1022,Line item,63.5,73.9,0.0,0.0,10.4,16.4,21.7
"Engineering and architecture teachers, postsecondary",25-1030,Summary,55.0,61.9,0.0,0.0,6.9,12.5,16.6
"Architecture teachers, postsecondary",25-1031,Line item,9.1,9.9,0.0,0.0,0.8,9.4,2.5
"Engineering teachers, postsecondary",25-1032,Line item,46.0,52.0,0.0,0.0,6.0,13.2,14.2
"Life sciences teachers, postsecondary",25-1040,Summary,78.7,90.0,0.1,0.1,11.3,14.4,25.3
"Agricultural sciences teachers, postsecondary",25-1041,Line item,12.1,12.8,0.0,0.0,0.7,6.0,2.9
"Biological science teachers, postsecondary",25-1042,Line item,64.3,74.8,0.0,0.0,10.4,16.2,21.8
"Forestry and conservation science teachers, postsecondary",25-1043,Line item,2.3,2.4,0.0,0.0,0.2,6.8,0.6
"Physical sciences teachers, postsecondary",25-1050,Summary,64.2,72.7,0.0,0.0,8.5,13.2,19.8
"Atmospheric, earth, marine, and space sciences teachers, postsecondary",25-1051,Line item,13.2,14.3,0.0,0.0,1.1,8.7,3.5
"Chemistry teachers, postsecondary",25-1052,Line item,26.6,30.7,0.0,0.0,4.1,15.4,8.8
"Environmental science teachers, postsecondary",25-1053,Line item,6.7,7.3,0.0,0.0,0.6,8.6,1.8
"Physics teachers, postsecondary",25-1054,Line item,17.7,20.4,0.0,0.0,2.7,15.0,5.8
"Social sciences teachers, postsecondary",25-1060,Summary,144.2,163.7,0.1,0.1,19.5,13.5,45.0
"Anthropology and archeology teachers, postsecondary",25-1061,Line item,7.5,8.2,0.0,0.0,0.7,9.3,2.0
"Area, ethnic, and cultural studies teachers, postsecondary",25-1062,Line item,11.6,13.3,0.0,0.0,1.7,15.1,3.8
"Economics teachers, postsecondary",25-1063,Line item,17.3,18.9,0.0,0.0,1.7,9.7,4.7
"Geography teachers, postsecondary",25-1064,Line item,5.4,5.9,0.0,0.0,0.4,7.9,1.4
"Political science teachers, postsecondary",25-1065,Line item,21.6,23.7,0.0,0.0,2.1,9.7,5.9
"Psychology teachers, postsecondary",25-1066,Line item,47.3,54.7,0.0,0.0,7.5,15.8,15.8
"Sociology teachers, postsecondary",25-1067,Line item,20.7,23.9,0.0,0.0,3.2,15.3,6.8
"Social sciences teachers, postsecondary, all other",25-1069,Line item,12.9,15.1,0.0,0.0,2.2,17.0,4.5
"Health teachers, postsecondary",25-1070,Summary,279.0,332.2,0.2,0.2,53.2,19.1,102.6
"Health specialties teachers, postsecondary",25-1071,Line item,210.4,250.4,0.1,0.2,40.0,19.0,77.2
"Nursing instructors and teachers, postsecondary",25-1072,Line item,68.6,81.8,0.0,0.1,13.2,19.3,25.4
"Education and library science teachers, postsecondary",25-1080,Summary,81.3,88.6,0.1,0.1,7.3,9.0,21.7
"Education teachers, postsecondary",25-1081,Line item,75.7,82.5,0.1,0.1,6.9,9.1,20.3
"Library science teachers, postsecondary",25-1082,Line item,5.6,6.0,0.0,0.0,0.4,8.0,1.4
"Law, criminal justice, and social work teachers, postsecondary",25-1110,Summary,52.2,62.4,0.0,0.0,10.2,19.5,19.4
"Criminal justice and law enforcement teachers, postsecondary",25-1111,Line item,17.4,21.1,0.0,0.0,3.7,21.4,6.8
"Law teachers, postsecondary",25-1112,Line item,21.1,25.7,0.0,0.0,4.6,21.7,8.3
"Social work teachers, postsecondary",25-1113,Line item,13.7,15.6,0.0,0.0,1.9,13.9,4.3
"Arts, communications, and humanities teachers, postsecondary",25-1120,Summary,344.6,381.0,0.2,0.2,36.5,10.6,97.4
"Art, drama, and music teachers, postsecondary",25-1121,Line item,120.7,133.7,0.1,0.1,13.0,10.8,34.4
"Communications teachers, postsecondary",25-1122,Line item,36.0,39.5,0.0,0.0,3.5,9.7,9.9
"English language and literature teachers, postsecondary",25-1123,Line item,90.8,100.2,0.1,0.1,9.4,10.4,25.5
"Foreign language and literature teachers, postsecondary",25-1124,Line item,37.2,41.3,0.0,0.0,4.1,10.9,10.7
"History teachers, postsecondary",25-1125,Line item,29.2,32.1,0.0,0.0,2.9,10.0,8.1
"Philosophy and religion teachers, postsecondary",25-1126,Line item,30.7,34.2,0.0,0.0,3.6,11.6,9.0
Miscellaneous postsecondary teachers,25-1190,Summary,556.4,598.8,0.4,0.4,42.4,7.6,141.3
Graduate teaching assistants,25-1191,Line item,159.2,169.1,0.1,0.1,9.9,6.2,38.0
"Home economics teachers, postsecondary",25-1192,Line item,4.3,3.8,0.0,0.0,-0.5,-11.6,0.8
"Recreation and fitness studies teachers, postsecondary",25-1193,Line item,22.1,24.3,0.0,0.0,2.2,10.1,6.1
"Vocational education teachers, postsecondary",25-1194,Line item,138.5,147.6,0.1,0.1,9.1,6.6,33.6
"Postsecondary teachers, all other",25-1199,Line item,232.3,254.0,0.2,0.2,21.7,9.3,62.8
"Preschool, primary, secondary, and special education school teachers",25-2000,Summary,"4,131.9","4,374.1",2.7,2.7,242.2,5.9,"1,199.6"
Preschool and kindergarten teachers,25-2010,Summary,600.4,639.5,0.4,0.4,39.1,6.5,214.8
"Preschool teachers, except special education",25-2011,Line item,441.0,470.6,0.3,0.3,29.6,6.7,158.7
"Kindergarten teachers, except special education",25-2012,Line item,159.4,168.9,0.1,0.1,9.5,5.9,56.1
Elementary and middle school teachers,25-2020,Summary,"1,999.2","2,115.1",1.3,1.3,115.9,5.8,558.1
"Elementary school teachers, except special education",25-2021,Line item,"1,358.0","1,436.3",0.9,0.9,78.3,5.8,378.7
"Middle school teachers, except special and career/technical education",25-2022,Line item,627.5,664.2,0.4,0.4,36.8,5.9,175.5
"Career/technical education teachers, middle school",25-2023,Line item,13.7,14.6,0.0,0.0,0.8,5.9,3.9
Secondary school teachers,25-2030,Summary,"1,041.2","1,097.4",0.7,0.7,56.2,5.4,303.2
"Secondary school teachers, except special and career/technical education",25-2031,Line item,961.6,"1,017.5",0.6,0.6,55.9,5.8,284.0
"Career/technical education teachers, secondary school",25-2032,Line item,79.6,79.9,0.1,0.0,0.3,0.4,19.2
Special education teachers,25-2050,Summary,491.1,522.0,0.3,0.3,31.0,6.3,123.5
"Special education teachers, preschool",25-2051,Line item,25.5,27.8,0.0,0.0,2.3,9.0,7.1
"Special education teachers, kindergarten and elementary school",25-2052,Line item,198.1,210.6,0.1,0.1,12.5,6.3,49.8
"Special education teachers, middle school",25-2053,Line item,93.0,98.5,0.1,0.1,5.5,5.9,23.0
"Special education teachers, secondary school",25-2054,Line item,134.0,141.9,0.1,0.1,7.9,5.9,33.1
"Special education teachers, all other",25-2059,Line item,40.4,43.3,0.0,0.0,2.9,7.2,10.5
Other teachers and instructors,25-3000,Summary,"1,408.7","1,534.2",0.9,1.0,125.6,8.9,391.0
Adult basic and secondary education and literacy teachers and instructors,25-3011,Line item,77.5,83.0,0.1,0.1,5.5,7.1,20.1
Self-enrichment education teachers,25-3021,Line item,348.7,402.2,0.2,0.3,53.5,15.4,119.2
"Teachers and instructors, all other",25-3099,Line item,982.5,"1,049.0",0.7,0.7,66.5,6.8,251.7
"Librarians, curators, and archivists",25-4000,Summary,276.2,286.2,0.2,0.2,10.1,3.6,95.2
"Archivists, curators, and museum technicians",25-4010,Summary,31.3,33.4,0.0,0.0,2.1,6.7,11.8
Archivists,25-4011,Line item,6.9,7.4,0.0,0.0,0.5,6.8,2.6
Curators,25-4012,Line item,13.1,14.1,0.0,0.0,1.0,8.0,5.1
Museum technicians and conservators,25-4013,Line item,11.3,11.9,0.0,0.0,0.6,5.2,4.1
Librarians,25-4021,Line item,143.1,145.7,0.1,0.1,2.7,1.9,29.5
Library technicians,25-4031,Line item,101.8,107.1,0.1,0.1,5.3,5.2,53.9
"Other education, training, and library occupations",25-9000,Summary,"1,530.0","1,630.3",1.0,1.0,100.3,6.6,424.7
Audio-visual and multimedia collections specialists,25-9011,Line item,10.0,10.8,0.0,0.0,0.8,7.9,1.8
Farm and home management advisors,25-9021,Line item,10.8,11.9,0.0,0.0,1.2,10.9,2.2
Instructional coordinators,25-9031,Line item,151.1,161.6,0.1,0.1,10.5,7.0,25.1
Teacher assistants,25-9041,Line item,"1,234.1","1,312.8",0.8,0.8,78.6,6.4,374.5
"Education, training, and library workers, all other",25-9099,Line item,124.0,133.1,0.1,0.1,9.1,7.4,21.1
"Arts, design, entertainment, sports, and media occupations",27-0000,Summary,"2,624.2","2,731.7",1.7,1.7,107.5,4.1,771.9
Art and design workers,27-1000,Summary,773.1,789.7,0.5,0.5,16.7,2.2,192.9
Artists and related workers,27-1010,Summary,189.3,195.9,0.1,0.1,6.6,3.5,42.0
Art directors,27-1011,Line item,74.6,76.4,0.0,0.0,1.8,2.4,15.8
Craft artists,27-1012,Line item,10.6,10.6,0.0,0.0,0.1,0.6,2.0
"Fine artists, including painters, sculptors, and illustrators",27-1013,Line item,26.3,27.1,0.0,0.0,0.8,3.1,5.7
Multimedia artists and animators,27-1014,Line item,64.4,68.3,0.0,0.0,3.9,6.0,15.9
"Artists and related workers, all other",27-1019,Line item,13.4,13.5,0.0,0.0,0.1,0.4,2.6
Designers,27-1020,Summary,583.8,593.9,0.4,0.4,10.0,1.7,150.9
Commercial and industrial designers,27-1021,Line item,38.4,39.2,0.0,0.0,0.8,2.0,9.9
Fashion designers,27-1022,Line item,23.1,23.8,0.0,0.0,0.7,2.9,6.2
Floral designers,27-1023,Line item,58.7,56.7,0.0,0.0,-2.0,-3.4,14.0
Graphic designers,27-1024,Line item,261.6,265.2,0.2,0.2,3.6,1.4,65.8
Interior designers,27-1025,Line item,58.9,61.1,0.0,0.0,2.2,3.8,16.2
Merchandise displayers and window trimmers,27-1026,Line item,120.8,124.1,0.1,0.1,3.3,2.8,32.1
Set and exhibit designers,27-1027,Line item,13.3,14.2,0.0,0.0,0.9,6.8,4.1
"Designers, all other",27-1029,Line item,8.9,9.5,0.0,0.0,0.6,6.2,2.7
"Entertainers and performers, sports and related workers",27-2000,Summary,781.7,827.7,0.5,0.5,46.0,5.9,298.7
"Actors, producers, and directors",27-2010,Summary,192.1,209.8,0.1,0.1,17.7,9.2,84.5
Actors,27-2011,Line item,69.4,76.1,0.0,0.0,6.6,9.6,34.0
Producers and directors,27-2012,Line item,122.6,133.8,0.1,0.1,11.1,9.1,50.5
"Athletes, coaches, umpires, and related workers",27-2020,Summary,284.1,300.6,0.2,0.2,16.5,5.8,112.4
Athletes and sports competitors,27-2021,Line item,13.7,14.5,0.0,0.0,0.8,5.6,5.4
Coaches and scouts,27-2022,Line item,250.6,265.4,0.2,0.2,14.8,5.9,99.4
"Umpires, referees, and other sports officials",27-2023,Line item,19.8,20.7,0.0,0.0,1.0,4.8,7.6
Dancers and choreographers,27-2030,Summary,20.1,21.1,0.0,0.0,1.1,5.3,7.5
Dancers,27-2031,Line item,13.0,13.6,0.0,0.0,0.6,4.8,4.8
Choreographers,27-2032,Line item,7.1,7.5,0.0,0.0,0.4,6.3,2.7
"Musicians, singers, and related workers",27-2040,Summary,255.4,264.0,0.2,0.2,8.6,3.4,82.7
Music directors and composers,27-2041,Line item,82.1,84.7,0.1,0.1,2.6,3.2,26.4
Musicians and singers,27-2042,Line item,173.3,179.3,0.1,0.1,6.0,3.5,56.3
"Entertainers and performers, sports and related workers, all other",27-2099,Line item,30.0,32.1,0.0,0.0,2.1,6.8,11.5
Media and communication workers,27-3000,Summary,747.9,775.3,0.5,0.5,27.4,3.7,198.2
Announcers,27-3010,Summary,52.5,46.7,0.0,0.0,-5.8,-11.0,15.5
Radio and television announcers,27-3011,Line item,42.3,36.3,0.0,0.0,-6.1,-14.3,12.2
Public address system and other announcers,27-3012,Line item,10.2,10.5,0.0,0.0,0.3,2.9,3.2
"News analysts, reporters and correspondents",27-3020,Summary,54.4,49.6,0.0,0.0,-4.8,-8.9,17.5
Broadcast news analysts,27-3021,Line item,5.1,4.5,0.0,0.0,-0.6,-12.6,1.6
Reporters and correspondents,27-3022,Line item,49.3,45.1,0.0,0.0,-4.2,-8.5,15.9
Public relations specialists,27-3031,Line item,240.7,255.6,0.2,0.2,14.9,6.2,43.6
Writers and editors,27-3040,Summary,305.8,308.0,0.2,0.2,2.2,0.7,85.7
Editors,27-3041,Line item,117.2,111.0,0.1,0.1,-6.2,-5.3,42.5
Technical writers,27-3042,Line item,52.0,57.3,0.0,0.0,5.3,10.2,17.2
Writers and authors,27-3043,Line item,136.5,139.7,0.1,0.1,3.1,2.3,26.1
Miscellaneous media and communication workers,27-3090,Summary,94.5,115.4,0.1,0.1,21.0,22.2,36.0
Interpreters and translators,27-3091,Line item,61.0,78.5,0.0,0.0,17.5,28.7,27.2
"Media and communication workers, all other",27-3099,Line item,33.5,37.0,0.0,0.0,3.5,10.3,8.8
Media and communication equipment workers,27-4000,Summary,321.6,338.9,0.2,0.2,17.4,5.4,82.0
Broadcast and sound engineering technicians and radio operators,27-4010,Summary,118.4,126.1,0.1,0.1,7.7,6.5,32.2
Audio and video equipment technicians,27-4011,Line item,70.9,79.4,0.0,0.0,8.4,11.9,21.9
Broadcast technicians,27-4012,Line item,30.1,28.2,0.0,0.0,-2.0,-6.5,5.7
Radio operators,27-4013,Line item,1.2,1.2,0.0,0.0,0.0,-0.6,0.2
Sound engineering technicians,27-4014,Line item,16.1,17.4,0.0,0.0,1.2,7.6,4.3
Photographers,27-4021,Line item,124.9,128.8,0.1,0.1,3.9,3.1,34.5
"Television, video, and motion picture camera operators and editors",27-4030,Summary,58.9,65.3,0.0,0.0,6.4,10.8,11.7
"Camera operators, television, video, and motion picture",27-4031,Line item,25.4,25.9,0.0,0.0,0.5,2.0,2.8
Film and video editors,27-4032,Line item,33.5,39.4,0.0,0.0,5.9,17.6,8.9
"Media and communication equipment workers, all other",27-4099,Line item,19.4,18.7,0.0,0.0,-0.6,-3.3,3.7
Healthcare practitioners and technical occupations,29-0000,Summary,"8,236.5","9,584.6",5.5,6.0,"1,348.1",16.4,"3,161.6"
Health diagnosing and treating practitioners,29-1000,Summary,"5,132.4","5,994.7",3.4,3.7,862.3,16.8,"2,073.4"
Chiropractors,29-1011,Line item,45.2,53.1,0.0,0.0,7.9,17.5,16.0
Dentists,29-1020,Summary,151.5,178.2,0.1,0.1,26.7,17.6,57.6
"Dentists, general",29-1021,Line item,129.0,152.3,0.1,0.1,23.3,18.0,49.6
Oral and maxillofacial surgeons,29-1022,Line item,6.8,8.0,0.0,0.0,1.2,17.9,2.6
Orthodontists,29-1023,Line item,8.2,9.7,0.0,0.0,1.5,18.3,3.2
Prosthodontists,29-1024,Line item,0.8,1.0,0.0,0.0,0.1,17.8,0.3
"Dentists, all other specialists",29-1029,Line item,6.7,7.3,0.0,0.0,0.6,8.5,1.9
Dietitians and nutritionists,29-1031,Line item,66.7,77.6,0.0,0.0,11.0,16.4,16.0
Optometrists,29-1041,Line item,40.6,51.6,0.0,0.0,11.0,27.0,25.5
Pharmacists,29-1051,Line item,297.1,306.2,0.2,0.2,9.1,3.1,78.4
Physicians and surgeons,29-1060,Summary,708.3,807.6,0.5,0.5,99.3,14.0,290.0
Anesthesiologists,29-1061,Line item,33.7,40.8,0.0,0.0,7.1,21.0,16.1
Family and general practitioners,29-1062,Line item,139.8,154.1,0.1,0.1,14.3,10.2,51.9
"Internists, general",29-1063,Line item,54.3,59.4,0.0,0.0,5.1,9.4,19.7
Obstetricians and gynecologists,29-1064,Line item,24.4,28.7,0.0,0.0,4.3,17.6,10.8
"Pediatricians, general",29-1065,Line item,34.8,38.4,0.0,0.0,3.6,10.3,12.9
Psychiatrists,29-1066,Line item,28.2,32.4,0.0,0.0,4.2,14.9,11.8
Surgeons,29-1067,Line item,46.0,55.1,0.0,0.0,9.1,19.8,21.5
"Physicians and surgeons, all other",29-1069,Line item,347.2,398.8,0.2,0.2,51.7,14.9,145.1
Physician assistants,29-1071,Line item,94.4,123.2,0.1,0.1,28.7,30.4,50.0
Podiatrists,29-1081,Line item,9.6,11.0,0.0,0.0,1.4,14.1,3.3
Therapists,29-1120,Summary,655.9,813.8,0.4,0.5,157.9,24.1,311.2
Occupational therapists,29-1122,Line item,114.6,145.1,0.1,0.1,30.4,26.5,52.6
Physical therapists,29-1123,Line item,210.9,282.7,0.1,0.2,71.8,34.0,128.3
Radiation therapists,29-1124,Line item,16.6,18.9,0.0,0.0,2.3,14.0,6.2
Recreational therapists,29-1125,Line item,18.6,20.9,0.0,0.0,2.2,12.0,6.6
Respiratory therapists,29-1126,Line item,120.7,135.5,0.1,0.1,14.9,12.3,43.3
Speech-language pathologists,29-1127,Line item,135.4,164.3,0.1,0.1,28.9,21.3,63.1
Exercise physiologists,29-1128,Line item,14.5,16.0,0.0,0.0,1.5,10.6,3.0
"Therapists, all other",29-1129,Line item,24.7,30.5,0.0,0.0,5.8,23.6,8.3
Veterinarians,29-1131,Line item,78.3,85.2,0.1,0.1,6.9,8.9,19.0
Registered nurses,29-1141,Line item,"2,751.0","3,190.3",1.8,2.0,439.3,16.0,"1,088.4"
Nurse anesthetists,29-1151,Line item,38.2,45.6,0.0,0.0,7.4,19.3,16.4
Nurse midwives,29-1161,Line item,5.3,6.6,0.0,0.0,1.3,24.6,2.5
Nurse practitioners,29-1171,Line item,126.9,171.7,0.1,0.1,44.7,35.2,74.7
Audiologists,29-1181,Line item,13.2,16.9,0.0,0.0,3.8,28.6,6.8
"Health diagnosing and treating practitioners, all other",29-1199,Line item,50.1,56.1,0.0,0.0,6.0,12.0,17.7
Health technologists and technicians,29-2000,Summary,"2,946.6","3,416.1",2.0,2.1,469.5,15.9,"1,040.4"
Clinical laboratory technologists and technicians,29-2010,Summary,328.2,380.3,0.2,0.2,52.1,15.9,130.5
Medical and clinical laboratory technologists,29-2011,Line item,164.8,187.9,0.1,0.1,23.1,14.0,62.5
Medical and clinical laboratory technicians,29-2012,Line item,163.4,192.4,0.1,0.1,29.0,17.8,68.1
Dental hygienists,29-2021,Line item,200.5,237.9,0.1,0.1,37.4,18.6,70.3
Diagnostic related technologists and technicians,29-2030,Summary,363.9,412.4,0.2,0.3,48.5,13.3,117.3
Cardiovascular technologists and technicians,29-2031,Line item,52.0,63.5,0.0,0.0,11.5,22.2,21.4
Diagnostic medical sonographers,29-2032,Line item,60.7,76.7,0.0,0.0,16.0,26.4,27.5
Nuclear medicine technologists,29-2033,Line item,20.7,21.0,0.0,0.0,0.3,1.5,4.2
Radiologic technologists,29-2034,Line item,197.0,214.2,0.1,0.1,17.2,8.7,54.4
Magnetic resonance imaging technologists,29-2035,Line item,33.6,37.1,0.0,0.0,3.5,10.3,9.8
Emergency medical technicians and paramedics,29-2041,Line item,241.2,299.6,0.2,0.2,58.5,24.2,98.0
Health practitioner support technologists and technicians,29-2050,Summary,712.8,794.7,0.5,0.5,81.8,11.5,154.5
Dietetic technicians,29-2051,Line item,29.3,33.2,0.0,0.0,3.9,13.3,6.8
Pharmacy technicians,29-2052,Line item,372.5,407.2,0.2,0.3,34.7,9.3,71.6
Psychiatric technicians,29-2053,Line item,67.9,71.4,0.0,0.0,3.5,5.2,10.2
Respiratory therapy technicians,29-2054,Line item,10.7,8.7,0.0,0.0,-2.1,-19.2,1.1
Surgical technologists,29-2055,Line item,99.8,114.5,0.1,0.1,14.7,14.8,24.6
Veterinary technologists and technicians,29-2056,Line item,95.6,113.6,0.1,0.1,17.9,18.7,27.4
Ophthalmic medical technicians,29-2057,Line item,37.0,46.1,0.0,0.0,9.1,24.7,12.8
Licensed practical and licensed vocational nurses,29-2061,Line item,719.9,837.2,0.5,0.5,117.3,16.3,322.2
Medical records and health information technicians,29-2071,Line item,188.6,217.6,0.1,0.1,29.0,15.4,71.2
"Opticians, dispensing",29-2081,Line item,75.2,93.0,0.0,0.1,17.8,23.7,37.9
Miscellaneous health technologists and technicians,29-2090,Summary,116.4,143.5,0.1,0.1,27.1,23.3,38.6
Orthotists and prosthetists,29-2091,Line item,8.3,10.1,0.0,0.0,1.9,22.6,2.7
Hearing aid specialists,29-2092,Line item,5.9,7.5,0.0,0.0,1.6,27.2,2.2
"Health technologists and technicians, all other",29-2099,Line item,102.2,125.9,0.1,0.1,23.6,23.1,33.8
Other healthcare practitioners and technical occupations,29-9000,Summary,157.4,173.8,0.1,0.1,16.3,10.4,47.8
Occupational health and safety specialists and technicians,29-9010,Summary,85.5,89.6,0.1,0.1,4.2,4.9,21.3
Occupational health and safety specialists,29-9011,Line item,70.3,73.1,0.0,0.0,2.8,4.0,16.9
Occupational health and safety technicians,29-9012,Line item,15.1,16.5,0.0,0.0,1.4,9.1,4.4
Miscellaneous health practitioners and technical workers,29-9090,Summary,72.0,84.1,0.0,0.1,12.1,16.9,26.5
Athletic trainers,29-9091,Line item,25.4,30.8,0.0,0.0,5.4,21.1,10.4
Genetic counselors,29-9092,Line item,2.4,3.1,0.0,0.0,0.7,28.8,1.2
"Healthcare practitioners and technical workers, all other",29-9099,Line item,44.2,50.3,0.0,0.0,6.1,13.8,14.9
Healthcare support occupations,31-0000,Summary,"4,238.0","5,212.2",2.8,3.3,974.2,23.0,"1,907.6"
"Nursing, psychiatric, and home health aides",31-1000,Summary,"2,536.0","3,156.3",1.7,2.0,620.3,24.5,"1,193.1"
Home health aides,31-1011,Line item,913.5,"1,261.9",0.6,0.8,348.4,38.1,554.8
Psychiatric aides,31-1013,Line item,77.3,81.4,0.1,0.1,4.1,5.3,21.6
Nursing assistants,31-1014,Line item,"1,492.1","1,754.1",1.0,1.1,262.0,17.6,599.0
Orderlies,31-1015,Line item,53.0,58.8,0.0,0.0,5.8,10.9,17.8
Occupational therapy and physical therapist assistants and aides,31-2000,Summary,170.6,238.8,0.1,0.1,68.2,40.0,117.6
Occupational therapy assistants and aides,31-2010,Summary,41.9,58.7,0.0,0.0,16.8,40.1,28.9
Occupational therapy assistants,31-2011,Line item,33.0,47.1,0.0,0.0,14.1,42.7,23.6
Occupational therapy aides,31-2012,Line item,8.8,11.6,0.0,0.0,2.7,30.6,5.3
Physical therapist assistants and aides,31-2020,Summary,128.7,180.2,0.1,0.1,51.4,39.9,88.7
Physical therapist assistants,31-2021,Line item,78.7,110.7,0.1,0.1,31.9,40.6,54.7
Physical therapist aides,31-2022,Line item,50.0,69.5,0.0,0.0,19.5,39.0,34.0
Other healthcare support occupations,31-9000,Summary,"1,531.4","1,817.1",1.0,1.1,285.7,18.7,596.9
Massage therapists,31-9011,Line item,168.8,205.2,0.1,0.1,36.5,21.6,49.0
Miscellaneous healthcare support occupations,31-9090,Summary,"1,362.6","1,611.8",0.9,1.0,249.3,18.3,547.9
Dental assistants,31-9091,Line item,318.8,377.4,0.2,0.2,58.6,18.4,137.5
Medical assistants,31-9092,Line item,591.3,730.2,0.4,0.5,138.9,23.5,262.1
Medical equipment preparers,31-9093,Line item,52.0,59.3,0.0,0.0,7.3,14.0,18.1
Medical transcriptionists,31-9094,Line item,70.0,67.8,0.0,0.0,-2.2,-3.1,14.6
Pharmacy aides,31-9095,Line item,41.5,41.6,0.0,0.0,0.1,0.3,8.8
Veterinary assistants and laboratory animal caretakers,31-9096,Line item,73.4,80.0,0.0,0.0,6.6,9.0,21.9
Phlebotomists,31-9097,Line item,112.7,140.8,0.1,0.1,28.1,24.9,51.6
"Healthcare support workers, all other",31-9099,Line item,102.7,114.7,0.1,0.1,12.0,11.7,33.4
Protective service occupations,33-0000,Summary,"3,443.8","3,597.7",2.3,2.2,153.9,4.5,972.5
Supervisors of protective service workers,33-1000,Summary,288.0,300.5,0.2,0.2,12.5,4.3,112.4
First-line supervisors of law enforcement workers,33-1010,Summary,155.7,161.7,0.1,0.1,6.0,3.9,58.3
First-line supervisors of correctional officers,33-1011,Line item,47.6,49.1,0.0,0.0,1.5,3.1,15.3
First-line supervisors of police and detectives,33-1012,Line item,108.1,112.7,0.1,0.1,4.5,4.2,43.0
First-line supervisors of fire fighting and prevention workers,33-1021,Line item,63.5,66.8,0.0,0.0,3.3,5.2,33.4
"First-line supervisors of protective service workers, all other",33-1099,Line item,68.7,71.9,0.0,0.0,3.2,4.6,20.7
Fire fighting and prevention workers,33-2000,Summary,341.4,359.7,0.2,0.2,18.3,5.4,117.3
Firefighters,33-2011,Line item,327.3,344.7,0.2,0.2,17.4,5.3,112.3
Fire inspectors,33-2020,Summary,14.1,15.0,0.0,0.0,0.9,6.4,5.0
Fire inspectors and investigators,33-2021,Line item,12.4,13.1,0.0,0.0,0.7,5.5,4.3
Forest fire inspectors and prevention specialists,33-2022,Line item,1.7,2.0,0.0,0.0,0.2,13.1,0.7
Law enforcement workers,33-3000,Summary,"1,290.6","1,339.7",0.9,0.8,49.1,3.8,441.3
"Bailiffs, correctional officers, and jailers",33-3010,Summary,474.8,492.8,0.3,0.3,17.9,3.8,148.5
Bailiffs,33-3011,Line item,17.3,18.1,0.0,0.0,0.8,4.7,5.6
Correctional officers and jailers,33-3012,Line item,457.6,474.7,0.3,0.3,17.1,3.7,143.0
Detectives and criminal investigators,33-3021,Line item,116.7,115.3,0.1,0.1,-1.4,-1.2,28.3
Fish and game wardens,33-3031,Line item,6.2,6.3,0.0,0.0,0.1,1.9,2.0
Parking enforcement workers,33-3041,Line item,9.4,7.4,0.0,0.0,-2.0,-20.8,2.8
Police officers,33-3050,Summary,683.5,717.9,0.5,0.4,34.4,5.0,259.7
Police and sheriff's patrol officers,33-3051,Line item,680.0,714.2,0.5,0.4,34.2,5.0,258.4
Transit and railroad police,33-3052,Line item,3.6,3.7,0.0,0.0,0.1,3.5,1.3
Other protective service workers,33-9000,Summary,"1,523.8","1,597.9",1.0,1.0,74.1,4.9,301.4
Animal control workers,33-9011,Line item,15.0,15.9,0.0,0.0,0.9,5.8,4.3
Private detectives and investigators,33-9021,Line item,34.9,36.7,0.0,0.0,1.8,5.2,11.0
Security guards and gaming surveillance officers,33-9030,Summary,"1,102.5","1,157.5",0.7,0.7,55.0,5.0,210.6
Gaming surveillance officers and gaming investigators,33-9031,Line item,7.0,6.6,0.0,0.0,-0.5,-7.0,1.0
Security guards,33-9032,Line item,"1,095.4","1,150.9",0.7,0.7,55.5,5.1,209.6
Miscellaneous protective service workers,33-9090,Summary,371.5,387.9,0.2,0.2,16.4,4.4,75.5
Crossing guards,33-9091,Line item,69.8,74.2,0.0,0.0,4.5,6.4,17.0
"Lifeguards, ski patrol, and other recreational protective service workers",33-9092,Line item,141.3,150.8,0.1,0.1,9.5,6.7,29.4
Transportation security screeners,33-9093,Line item,46.6,42.4,0.0,0.0,-4.2,-9.0,6.6
"Protective service workers, all other",33-9099,Line item,113.8,120.4,0.1,0.1,6.6,5.8,22.6
Food preparation and serving related occupations,35-0000,Summary,"12,467.6","13,280.4",8.3,8.3,812.9,6.5,"5,549.0"
Supervisors of food preparation and serving workers,35-1000,Summary,"1,017.6","1,117.4",0.7,0.7,99.8,9.8,383.3
Chefs and head cooks,35-1011,Line item,127.5,138.8,0.1,0.1,11.3,8.9,30.4
First-line supervisors of food preparation and serving workers,35-1012,Line item,890.1,978.6,0.6,0.6,88.5,9.9,352.9
Cooks and food preparation workers,35-2000,Summary,"3,164.7","3,316.6",2.1,2.1,151.8,4.8,"1,091.1"
Cooks,35-2010,Summary,"2,290.8","2,387.8",1.5,1.5,97.0,4.2,792.8
"Cooks, fast food",35-2011,Line item,524.4,444.0,0.3,0.3,-80.4,-15.3,138.7
"Cooks, institution and cafeteria",35-2012,Line item,417.6,443.9,0.3,0.3,26.3,6.3,136.8
"Cooks, private household",35-2013,Line item,35.9,36.2,0.0,0.0,0.2,0.6,9.7
"Cooks, restaurant",35-2014,Line item,"1,109.7","1,268.7",0.7,0.8,158.9,14.3,452.5
"Cooks, short order",35-2015,Line item,181.6,172.3,0.1,0.1,-9.3,-5.1,48.0
"Cooks, all other",35-2019,Line item,21.5,22.8,0.0,0.0,1.3,6.0,7.0
Food preparation workers,35-2021,Line item,873.9,928.8,0.6,0.6,54.8,6.3,298.3
Food and beverage serving workers,35-3000,Summary,"6,940.0","7,475.1",4.6,4.7,535.1,7.7,"3,312.1"
Bartenders,35-3011,Line item,580.9,640.9,0.4,0.4,60.1,10.3,278.3
Fast food and counter workers,35-3020,Summary,"3,640.9","4,013.2",2.4,2.5,372.3,10.2,"1,682.7"
"Combined food preparation and serving workers, including fast food",35-3021,Line item,"3,159.7","3,503.2",2.1,2.2,343.5,10.9,"1,364.6"
"Counter attendants, cafeteria, food concession, and coffee shop",35-3022,Line item,481.2,510.0,0.3,0.3,28.9,6.0,318.1
Waiters and waitresses,35-3031,Line item,"2,465.1","2,534.0",1.6,1.6,68.9,2.8,"1,255.0"
"Food servers, nonrestaurant",35-3041,Line item,253.1,287.0,0.2,0.2,33.8,13.4,96.0
Other food preparation and serving related workers,35-9000,Summary,"1,345.3","1,371.4",0.9,0.9,26.1,1.9,762.6
Dining room and cafeteria attendants and bartender helpers,35-9011,Line item,415.3,440.7,0.3,0.3,25.4,6.1,233.0
Dishwashers,35-9021,Line item,507.4,487.9,0.3,0.3,-19.5,-3.9,219.3
"Hosts and hostesses, restaurant, lounge, and coffee shop",35-9031,Line item,376.4,393.2,0.3,0.2,16.7,4.4,283.8
"Food preparation and serving related workers, all other",35-9099,Line item,46.1,49.6,0.0,0.0,3.5,7.7,26.6
Building and grounds cleaning and maintenance occupations,37-0000,Summary,"5,617.2","5,967.0",3.7,3.7,349.8,6.2,"1,489.2"
Supervisors of building and grounds cleaning and maintenance workers,37-1000,Summary,425.9,450.2,0.3,0.3,24.3,5.7,93.1
First-line supervisors of housekeeping and janitorial workers,37-1011,Line item,247.9,262.8,0.2,0.2,14.9,6.0,54.0
"First-line supervisors of landscaping, lawn service, and groundskeeping workers",37-1012,Line item,178.0,187.4,0.1,0.1,9.4,5.3,39.0
Building cleaning and pest control workers,37-2000,Summary,"3,909.2","4,157.2",2.6,2.6,247.9,6.3,"1,087.3"
Building cleaning workers,37-2010,Summary,"3,835.1","4,084.0",2.5,2.5,248.8,6.5,"1,068.7"
"Janitors and cleaners, except maids and housekeeping cleaners",37-2011,Line item,"2,360.6","2,496.9",1.6,1.6,136.3,5.8,605.2
Maids and housekeeping cleaners,37-2012,Line item,"1,457.7","1,569.4",1.0,1.0,111.7,7.7,459.4
"Building cleaning workers, all other",37-2019,Line item,16.9,17.7,0.0,0.0,0.8,4.8,4.2
Pest control workers,37-2021,Line item,74.1,73.2,0.0,0.0,-0.9,-1.2,18.6
Grounds maintenance workers,37-3000,Summary,"1,282.0","1,359.6",0.9,0.8,77.6,6.1,308.8
Landscaping and groundskeeping workers,37-3011,Line item,"1,167.8","1,239.6",0.8,0.8,71.7,6.1,282.3
"Pesticide handlers, sprayers, and applicators, vegetation",37-3012,Line item,36.4,37.8,0.0,0.0,1.4,3.8,7.9
Tree trimmers and pruners,37-3013,Line item,53.2,56.2,0.0,0.0,3.0,5.6,12.6
"Grounds maintenance workers, all other",37-3019,Line item,24.5,26.1,0.0,0.0,1.6,6.4,6.0
Personal care and service occupations,39-0000,Summary,"6,006.1","6,798.2",4.0,4.2,792.1,13.2,"2,065.8"
Supervisors of personal care and service workers,39-1000,Summary,290.7,318.7,0.2,0.2,27.9,9.6,88.1
First-line supervisors of gaming workers,39-1010,Summary,34.9,34.9,0.0,0.0,0.0,-0.1,11.7
Gaming supervisors,39-1011,Line item,27.8,28.0,0.0,0.0,0.2,0.7,9.4
Slot supervisors,39-1012,Line item,7.1,6.9,0.0,0.0,-0.2,-3.2,2.4
First-line supervisors of personal service workers,39-1021,Line item,255.8,283.8,0.2,0.2,28.0,10.9,76.4
Animal care and service workers,39-2000,Summary,241.6,267.3,0.2,0.2,25.7,10.6,81.3
Animal trainers,39-2011,Line item,36.8,40.9,0.0,0.0,4.1,11.1,17.4
Nonfarm animal caretakers,39-2021,Line item,204.8,226.4,0.1,0.1,21.6,10.6,63.8
Entertainment attendants and related workers,39-3000,Summary,543.9,576.4,0.4,0.4,32.5,6.0,271.4
Gaming services workers,39-3010,Summary,93.1,94.2,0.1,0.1,1.0,1.1,26.0
Gaming dealers,39-3011,Line item,68.5,68.9,0.0,0.0,0.4,0.6,18.8
Gaming and sports book writers and runners,39-3012,Line item,11.5,11.9,0.0,0.0,0.4,3.4,3.5
"Gaming service workers, all other",39-3019,Line item,13.2,13.4,0.0,0.0,0.2,1.6,3.7
Motion picture projectionists,39-3021,Line item,6.7,5.5,0.0,0.0,-1.2,-18.2,2.7
"Ushers, lobby attendants, and ticket takers",39-3031,Line item,113.9,120.0,0.1,0.1,6.1,5.3,77.9
Miscellaneous entertainment attendants and related workers,39-3090,Summary,330.2,356.8,0.2,0.2,26.6,8.1,164.9
Amusement and recreation attendants,39-3091,Line item,288.6,310.9,0.2,0.2,22.3,7.7,143.2
Costume attendants,39-3092,Line item,6.2,6.7,0.0,0.0,0.5,8.8,3.1
"Locker room, coatroom, and dressing room attendants",39-3093,Line item,18.6,19.4,0.0,0.0,0.9,4.7,8.6
"Entertainment attendants and related workers, all other",39-3099,Line item,16.9,19.8,0.0,0.0,2.9,17.1,10.0
Funeral service workers,39-4000,Summary,71.0,72.4,0.0,0.0,1.4,2.0,17.7
Embalmers,39-4011,Line item,3.8,3.6,0.0,0.0,-0.2,-6.1,0.8
Funeral attendants,39-4021,Line item,36.1,35.7,0.0,0.0,-0.4,-1.2,7.9
"Morticians, undertakers, and funeral directors",39-4031,Line item,31.1,33.2,0.0,0.0,2.1,6.7,8.9
Personal appearance workers,39-5000,Summary,852.3,938.2,0.6,0.6,85.9,10.1,265.9
"Barbers, hairdressers, hairstylists and cosmetologists",39-5010,Summary,656.4,720.7,0.4,0.4,64.4,9.8,229.1
Barbers,39-5011,Line item,59.2,65.1,0.0,0.0,6.0,10.1,17.0
"Hairdressers, hairstylists, and cosmetologists",39-5012,Line item,597.2,655.6,0.4,0.4,58.4,9.8,212.1
Miscellaneous personal appearance workers,39-5090,Summary,195.9,217.4,0.1,0.1,21.5,11.0,36.8
"Makeup artists, theatrical and performance",39-5091,Line item,3.6,4.3,0.0,0.0,0.7,19.2,1.0
Manicurists and pedicurists,39-5092,Line item,113.6,125.3,0.1,0.1,11.7,10.3,20.6
Shampooers,39-5093,Line item,23.8,26.2,0.0,0.0,2.5,10.3,4.3
Skincare specialists,39-5094,Line item,55.0,61.6,0.0,0.0,6.6,12.1,10.9
"Baggage porters, bellhops, and concierges",39-6000,Summary,74.8,81.5,0.0,0.1,6.8,9.0,21.9
Baggage porters and bellhops,39-6011,Line item,43.6,47.1,0.0,0.0,3.5,8.0,12.4
Concierges,39-6012,Line item,31.2,34.4,0.0,0.0,3.3,10.4,9.6
Tour and travel guides,39-7000,Summary,47.3,49.5,0.0,0.0,2.2,4.6,20.8
Tour guides and escorts,39-7011,Line item,43.5,45.7,0.0,0.0,2.2,5.1,19.3
Travel guides,39-7012,Line item,3.9,3.9,0.0,0.0,0.0,0.0,1.5
Other personal care and service workers,39-9000,Summary,"3,884.4","4,494.1",2.6,2.8,609.7,15.7,"1,298.7"
Childcare workers,39-9011,Line item,"1,260.6","1,329.9",0.8,0.8,69.3,5.5,441.3
Personal care aides,39-9021,Line item,"1,768.4","2,226.5",1.2,1.4,458.1,25.9,601.1
Recreation and fitness workers,39-9030,Summary,658.4,720.8,0.4,0.4,62.3,9.5,183.7
Fitness trainers and aerobics instructors,39-9031,Line item,279.1,302.5,0.2,0.2,23.4,8.4,74.9
Recreation workers,39-9032,Line item,379.3,418.3,0.3,0.3,38.9,10.3,108.9
Residential advisors,39-9041,Line item,103.7,117.9,0.1,0.1,14.1,13.6,45.7
"Personal care and service workers, all other",39-9099,Line item,93.2,99.1,0.1,0.1,5.9,6.3,26.9
Sales and related occupations,41-0000,Summary,"15,423.1","16,201.1",10.2,10.1,778.0,5.0,"5,357.8"
Supervisors of sales workers,41-1000,Summary,"1,968.5","2,056.4",1.3,1.3,87.9,4.5,481.2
First-line supervisors of retail sales workers,41-1011,Line item,"1,537.8","1,605.4",1.0,1.0,67.6,4.4,411.3
First-line supervisors of non-retail sales workers,41-1012,Line item,430.7,451.0,0.3,0.3,20.3,4.7,69.9
Retail sales workers,41-2000,Summary,"8,739.3","9,152.1",5.8,5.7,412.8,4.7,"3,641.4"
Cashiers,41-2010,Summary,"3,437.5","3,503.0",2.3,2.2,65.5,1.9,"1,529.5"
Cashiers,41-2011,Line item,"3,424.2","3,491.1",2.3,2.2,67.0,2.0,"1,523.8"
Gaming change persons and booth cashiers,41-2012,Line item,13.3,11.9,0.0,0.0,-1.4,-10.9,5.7
Counter and rental clerks and parts salespersons,41-2020,Summary,676.9,710.0,0.4,0.4,33.1,4.9,194.6
Counter and rental clerks,41-2021,Line item,442.1,458.5,0.3,0.3,16.3,3.7,125.8
Parts salespersons,41-2022,Line item,234.7,251.5,0.2,0.2,16.8,7.2,68.9
Retail salespersons,41-2031,Line item,"4,624.9","4,939.1",3.1,3.1,314.2,6.8,"1,917.2"
"Sales representatives, services",41-3000,Summary,"1,903.1","2,036.5",1.3,1.3,133.4,7.0,570.9
Advertising sales agents,41-3011,Line item,167.9,163.4,0.1,0.1,-4.5,-2.7,49.8
Insurance sales agents,41-3021,Line item,466.1,509.5,0.3,0.3,43.5,9.3,165.8
"Securities, commodities, and financial services sales agents",41-3031,Line item,341.5,374.0,0.2,0.2,32.5,9.5,91.4
Travel agents,41-3041,Line item,74.1,65.4,0.0,0.0,-8.7,-11.7,11.5
"Sales representatives, services, all other",41-3099,Line item,853.5,924.1,0.6,0.6,70.6,8.3,252.4
"Sales representatives, wholesale and manufacturing",41-4000,Summary,"1,800.9","1,918.2",1.2,1.2,117.2,6.5,487.7
"Sales representatives, wholesale and manufacturing, technical and scientific products",41-4011,Line item,347.8,371.7,0.2,0.2,23.8,6.9,95.4
"Sales representatives, wholesale and manufacturing, except technical and scientific products",41-4012,Line item,"1,453.1","1,546.5",1.0,1.0,93.4,6.4,392.3
Other sales and related workers,41-9000,Summary,"1,011.2","1,037.9",0.7,0.6,26.7,2.6,176.7
"Models, demonstrators, and product promoters",41-9010,Summary,98.9,107.1,0.1,0.1,8.2,8.3,37.5
Demonstrators and product promoters,41-9011,Line item,93.0,101.3,0.1,0.1,8.2,8.9,35.8
Models,41-9012,Line item,5.8,5.8,0.0,0.0,0.0,-0.2,1.7
Real estate brokers and sales agents,41-9020,Summary,421.3,432.1,0.3,0.3,10.9,2.6,40.3
Real estate brokers,41-9021,Line item,83.9,85.4,0.1,0.1,1.5,1.8,7.3
Real estate sales agents,41-9022,Line item,337.4,346.8,0.2,0.2,9.4,2.8,33.0
Sales engineers,41-9031,Line item,69.9,74.9,0.0,0.0,4.9,7.0,23.0
Telemarketers,41-9041,Line item,237.9,230.8,0.2,0.1,-7.2,-3.0,43.9
Miscellaneous sales and related workers,41-9090,Summary,183.2,193.1,0.1,0.1,9.9,5.4,31.9
"Door-to-door sales workers, news and street vendors, and related workers",41-9091,Line item,80.2,79.1,0.1,0.0,-1.1,-1.4,6.6
"Sales and related workers, all other",41-9099,Line item,103.0,114.0,0.1,0.1,11.0,10.7,25.4
Office and administrative support occupations,43-0000,Summary,"22,766.1","23,232.6",15.1,14.5,466.5,2.0,"5,657.1"
Supervisors of office and administrative support workers,43-1000,Summary,"1,466.1","1,587.3",1.0,1.0,121.2,8.3,342.7
First-line supervisors of office and administrative support workers,43-1011,Line item,"1,466.1","1,587.3",1.0,1.0,121.2,8.3,342.7
Communications equipment operators,43-2000,Summary,128.8,86.4,0.1,0.1,-42.4,-32.9,17.3
"Switchboard operators, including answering service",43-2011,Line item,112.4,75.4,0.1,0.0,-37.0,-32.9,13.3
Telephone operators,43-2021,Line item,13.1,7.5,0.0,0.0,-5.5,-42.4,3.2
"Communications equipment operators, all other",43-2099,Line item,3.3,3.5,0.0,0.0,0.2,5.6,0.8
Financial clerks,43-3000,Summary,"3,440.4","3,290.7",2.3,2.1,-149.7,-4.4,723.7
Bill and account collectors,43-3011,Line item,350.4,330.9,0.2,0.2,-19.6,-5.6,85.6
Billing and posting clerks,43-3021,Line item,514.6,581.1,0.3,0.4,66.5,12.9,174.1
"Bookkeeping, accounting, and auditing clerks",43-3031,Line item,"1,760.3","1,611.5",1.2,1.0,-148.7,-8.4,172.6
Gaming cage workers,43-3041,Line item,11.3,11.9,0.0,0.0,0.6,5.0,2.7
Payroll and timekeeping clerks,43-3051,Line item,172.8,166.9,0.1,0.1,-5.9,-3.4,46.3
Procurement clerks,43-3061,Line item,72.3,66.3,0.0,0.0,-6.0,-8.3,25.1
Tellers,43-3071,Line item,520.5,480.5,0.3,0.3,-40.0,-7.7,203.6
"Financial clerks, all other",43-3099,Line item,38.1,41.6,0.0,0.0,3.4,9.0,13.7
Information and record clerks,43-4000,Summary,"5,634.3","6,033.1",3.7,3.8,398.8,7.1,"1,798.6"
Brokerage clerks,43-4011,Line item,57.2,62.4,0.0,0.0,5.2,9.0,19.1
Correspondence clerks,43-4021,Line item,8.4,7.2,0.0,0.0,-1.2,-14.7,2.3
"Court, municipal, and license clerks",43-4031,Line item,140.8,147.1,0.1,0.1,6.3,4.5,14.8
"Credit authorizers, checkers, and clerks",43-4041,Line item,46.1,43.3,0.0,0.0,-2.8,-6.2,3.8
Customer service representatives,43-4051,Line item,"2,581.8","2,834.8",1.7,1.8,252.9,9.8,888.7
"Eligibility interviewers, government programs",43-4061,Line item,129.9,132.0,0.1,0.1,2.1,1.6,16.3
File clerks,43-4071,Line item,159.0,150.1,0.1,0.1,-8.9,-5.6,32.0
"Hotel, motel, and resort desk clerks",43-4081,Line item,243.2,265.1,0.2,0.2,21.9,9.0,147.7
"Interviewers, except eligibility and loan",43-4111,Line item,198.0,208.3,0.1,0.1,10.4,5.2,55.5
"Library assistants, clerical",43-4121,Line item,108.8,114.7,0.1,0.1,5.9,5.4,39.6
Loan interviewers and clerks,43-4131,Line item,213.8,232.3,0.1,0.1,18.5,8.6,51.3
New accounts clerks,43-4141,Line item,52.9,48.6,0.0,0.0,-4.3,-8.2,12.9
Order clerks,43-4151,Line item,195.9,194.3,0.1,0.1,-1.5,-0.8,53.1
"Human resources assistants, except payroll and timekeeping",43-4161,Line item,140.6,134.8,0.1,0.1,-5.8,-4.1,15.9
Receptionists and information clerks,43-4171,Line item,"1,028.6","1,126.3",0.7,0.7,97.8,9.5,375.0
Reservation and transportation ticket agents and travel clerks,43-4181,Line item,140.8,138.8,0.1,0.1,-2.0,-1.4,17.7
"Information and record clerks, all other",43-4199,Line item,188.5,193.0,0.1,0.1,4.6,2.4,53.0
"Material recording, scheduling, dispatching, and distributing workers",43-5000,Summary,"3,919.4","3,877.5",2.6,2.4,-41.9,-1.1,"1,162.6"
Cargo and freight agents,43-5011,Line item,78.8,84.3,0.1,0.1,5.5,7.0,31.3
Couriers and messengers,43-5021,Line item,92.9,97.7,0.1,0.1,4.8,5.2,16.5
Dispatchers,43-5030,Summary,301.5,307.3,0.2,0.2,5.8,1.9,84.1
"Police, fire, and ambulance dispatchers",43-5031,Line item,102.0,99.0,0.1,0.1,-3.0,-2.9,25.5
"Dispatchers, except police, fire, and ambulance",43-5032,Line item,199.5,208.2,0.1,0.1,8.8,4.4,58.6
"Meter readers, utilities",43-5041,Line item,37.4,30.6,0.0,0.0,-6.7,-18.0,6.7
Postal service workers,43-5050,Summary,484.6,348.6,0.3,0.2,-136.0,-28.1,79.4
Postal service clerks,43-5051,Line item,69.6,51.3,0.0,0.0,-18.3,-26.2,8.4
Postal service mail carriers,43-5052,Line item,297.4,219.4,0.2,0.1,-78.1,-26.2,57.4
"Postal service mail sorters, processors, and processing machine operators",43-5053,Line item,117.6,78.0,0.1,0.0,-39.7,-33.7,13.6
"Production, planning, and expediting clerks",43-5061,Line item,304.6,310.9,0.2,0.2,6.3,2.1,88.9
"Shipping, receiving, and traffic clerks",43-5071,Line item,670.2,655.7,0.4,0.4,-14.5,-2.2,145.5
Stock clerks and order fillers,43-5081,Line item,"1,878.1","1,971.1",1.2,1.2,92.9,4.9,689.0
"Weighers, measurers, checkers, and samplers, recordkeeping",43-5111,Line item,71.3,71.2,0.0,0.0,-0.1,-0.1,21.1
Secretaries and administrative assistants,43-6000,Summary,"3,976.8","4,095.6",2.6,2.6,118.8,3.0,591.5
Executive secretaries and executive administrative assistants,43-6011,Line item,776.6,732.0,0.5,0.5,-44.6,-5.7,81.9
Legal secretaries,43-6012,Line item,215.5,206.7,0.1,0.1,-8.9,-4.1,22.7
Medical secretaries,43-6013,Line item,527.6,635.8,0.4,0.4,108.2,20.5,163.8
"Secretaries and administrative assistants, except legal, medical, and executive",43-6014,Line item,"2,457.0","2,521.1",1.6,1.6,64.0,2.6,323.1
Other office and administrative support workers,43-9000,Summary,"4,200.3","4,262.0",2.8,2.7,61.6,1.5,"1,020.6"
Computer operators,43-9011,Line item,61.1,49.5,0.0,0.0,-11.6,-19.0,4.6
Data entry and information processing workers,43-9020,Summary,307.5,285.4,0.2,0.2,-22.1,-7.2,30.7
Data entry keyers,43-9021,Line item,216.8,208.9,0.1,0.1,-7.9,-3.7,27.6
Word processors and typists,43-9022,Line item,90.7,76.5,0.1,0.0,-14.2,-15.7,3.1
Desktop publishers,43-9031,Line item,14.8,11.7,0.0,0.0,-3.1,-21.0,4.0
Insurance claims and policy processing clerks,43-9041,Line item,285.4,303.1,0.2,0.2,17.7,6.2,89.2
"Mail clerks and mail machine operators, except postal service",43-9051,Line item,104.9,85.1,0.1,0.1,-19.8,-18.8,21.4
"Office clerks, general",43-9061,Line item,"3,062.5","3,158.2",2.0,2.0,95.8,3.1,756.2
"Office machine operators, except computer",43-9071,Line item,69.6,58.0,0.0,0.0,-11.5,-16.6,15.8
Proofreaders and copy markers,43-9081,Line item,13.6,13.3,0.0,0.0,-0.3,-2.4,2.6
Statistical assistants,43-9111,Line item,16.6,14.8,0.0,0.0,-1.8,-10.9,6.7
"Office and administrative support workers, all other",43-9199,Line item,264.5,282.9,0.2,0.2,18.4,7.0,89.5
"Farming, fishing, and forestry occupations",45-0000,Summary,972.1,914.9,0.6,0.6,-57.2,-5.9,253.1
"Supervisors of farming, fishing, and forestry workers",45-1000,Summary,47.1,43.3,0.0,0.0,-3.9,-8.2,11.5
"First-line supervisors of farming, fishing, and forestry workers",45-1011,Line item,47.1,43.3,0.0,0.0,-3.9,-8.2,11.5
Agricultural workers,45-2000,Summary,828.9,777.1,0.6,0.5,-51.7,-6.2,218.0
Agricultural inspectors,45-2011,Line item,14.2,14.1,0.0,0.0,-0.1,-0.6,3.6
Animal breeders,45-2021,Line item,7.0,6.9,0.0,0.0,-0.1,-1.6,1.9
"Graders and sorters, agricultural products",45-2041,Line item,53.0,48.9,0.0,0.0,-4.1,-7.8,8.5
Miscellaneous agricultural workers,45-2090,Summary,754.7,707.3,0.5,0.4,-47.4,-6.3,204.1
Agricultural equipment operators,45-2091,Line item,57.8,60.9,0.0,0.0,3.1,5.4,18.5
"Farmworkers and laborers, crop, nursery, and greenhouse",45-2092,Line item,470.2,427.3,0.3,0.3,-42.9,-9.1,125.2
"Farmworkers, farm, ranch, and aquacultural animals",45-2093,Line item,216.1,209.1,0.1,0.1,-7.0,-3.2,57.5
"Agricultural workers, all other",45-2099,Line item,10.6,10.0,0.0,0.0,-0.6,-5.7,2.8
Fishing and hunting workers,45-3000,Line item,28.4,28.2,0.0,0.0,-0.2,-0.7,7.0
"Forest, conservation, and logging workers",45-4000,Summary,67.7,66.3,0.0,0.0,-1.4,-2.0,16.6
Forest and conservation workers,45-4011,Line item,14.0,14.6,0.0,0.0,0.6,4.2,3.9
Logging workers,45-4020,Summary,53.7,51.7,0.0,0.0,-2.0,-3.6,12.7
Fallers,45-4021,Line item,8.2,6.8,0.0,0.0,-1.4,-17.2,2.0
Logging equipment operators,45-4022,Line item,37.3,37.1,0.0,0.0,-0.1,-0.3,8.8
Log graders and scalers,45-4023,Line item,3.7,3.7,0.0,0.0,-0.1,-2.0,0.9
"Logging workers, all other",45-4029,Line item,4.5,4.1,0.0,0.0,-0.3,-7.5,1.1
Construction and extraction occupations,47-0000,Summary,"6,501.7","7,160.7",4.3,4.5,659.0,10.1,"1,682.2"
Supervisors of construction and extraction workers,47-1000,Summary,578.4,636.1,0.4,0.4,57.7,10.0,103.6
First-line supervisors of construction trades and extraction workers,47-1011,Line item,578.4,636.1,0.4,0.4,57.7,10.0,103.6
Construction trades workers,47-2000,Summary,"4,995.7","5,509.7",3.3,3.4,514.0,10.3,"1,290.4"
Boilermakers,47-2011,Line item,17.4,19.0,0.0,0.0,1.5,8.7,4.2
"Brickmasons, blockmasons, and stonemasons",47-2020,Summary,93.1,109.7,0.1,0.1,16.6,17.9,24.4
Brickmasons and blockmasons,47-2021,Line item,78.1,92.6,0.1,0.1,14.5,18.6,21.0
Stonemasons,47-2022,Line item,14.9,17.1,0.0,0.0,2.1,14.3,3.4
Carpenters,47-2031,Line item,945.4,"1,005.8",0.6,0.6,60.4,6.4,169.1
"Carpet, floor, and tile installers and finishers",47-2040,Summary,125.4,131.3,0.1,0.1,5.9,4.7,23.7
Carpet installers,47-2041,Line item,45.3,45.1,0.0,0.0,-0.2,-0.5,6.3
"Floor layers, except carpet, wood, and hard tiles",47-2042,Line item,17.1,19.2,0.0,0.0,2.1,12.2,4.5
Floor sanders and finishers,47-2043,Line item,7.9,8.4,0.0,0.0,0.5,6.2,1.6
Tile and marble setters,47-2044,Line item,55.1,58.7,0.0,0.0,3.5,6.4,11.3
"Cement masons, concrete finishers, and terrazzo workers",47-2050,Summary,158.5,179.1,0.1,0.1,20.6,13.0,39.9
Cement masons and concrete finishers,47-2051,Line item,155.2,175.5,0.1,0.1,20.3,13.1,39.2
Terrazzo workers and finishers,47-2053,Line item,3.4,3.6,0.0,0.0,0.2,7.3,0.7
Construction laborers,47-2061,Line item,"1,159.1","1,306.5",0.8,0.8,147.4,12.7,378.6
Construction equipment operators,47-2070,Summary,424.8,467.9,0.3,0.3,43.2,10.2,118.2
"Paving, surfacing, and tamping equipment operators",47-2071,Line item,57.7,63.0,0.0,0.0,5.3,9.2,19.1
Pile-driver operators,47-2072,Line item,3.7,4.3,0.0,0.0,0.6,16.6,1.2
Operating engineers and other construction equipment operators,47-2073,Line item,363.4,400.6,0.2,0.2,37.2,10.2,97.8
"Drywall installers, ceiling tile installers, and tapers",47-2080,Summary,127.0,133.6,0.1,0.1,6.6,5.2,14.4
Drywall and ceiling tile installers,47-2081,Line item,106.0,111.5,0.1,0.1,5.5,5.2,12.0
Tapers,47-2082,Line item,21.0,22.1,0.0,0.0,1.1,5.2,2.4
Electricians,47-2111,Line item,628.8,714.7,0.4,0.4,85.9,13.7,181.8
Glaziers,47-2121,Line item,45.3,47.2,0.0,0.0,1.9,4.1,8.4
Insulation workers,47-2130,Summary,55.6,63.0,0.0,0.0,7.4,13.3,26.2
"Insulation workers, floor, ceiling, and wall",47-2131,Line item,25.6,27.1,0.0,0.0,1.5,6.1,10.2
"Insulation workers, mechanical",47-2132,Line item,30.1,35.9,0.0,0.0,5.8,19.4,16.0
Painters and paperhangers,47-2140,Summary,367.0,393.7,0.2,0.2,26.7,7.3,85.1
"Painters, construction and maintenance",47-2141,Line item,360.5,387.1,0.2,0.2,26.5,7.4,83.9
Paperhangers,47-2142,Line item,6.4,6.6,0.0,0.0,0.2,2.4,1.2
"Pipelayers, plumbers, pipefitters, and steamfitters",47-2150,Summary,470.8,525.1,0.3,0.3,54.3,11.5,116.5
Pipelayers,47-2151,Line item,45.7,51.0,0.0,0.0,5.2,11.4,11.3
"Plumbers, pipefitters, and steamfitters",47-2152,Line item,425.0,474.1,0.3,0.3,49.1,11.5,105.2
Plasterers and stucco masons,47-2161,Line item,27.0,28.9,0.0,0.0,1.9,7.1,3.1
Reinforcing iron and rebar workers,47-2171,Line item,18.7,23.1,0.0,0.0,4.4,23.4,7.2
Roofers,47-2181,Line item,123.4,139.3,0.1,0.1,15.8,12.8,34.7
Sheet metal workers,47-2211,Line item,141.0,150.5,0.1,0.1,9.4,6.7,39.8
Structural iron and steel workers,47-2221,Line item,61.4,64.2,0.0,0.0,2.7,4.5,13.0
Solar photovoltaic installers,47-2231,Line item,5.9,7.4,0.0,0.0,1.4,24.3,2.3
"Helpers, construction trades",47-3000,Summary,227.3,260.0,0.2,0.2,32.7,14.4,61.3
"Helpers--brickmasons, blockmasons, stonemasons, and tile and marble setters",47-3011,Line item,23.5,28.8,0.0,0.0,5.3,22.4,8.2
Helpers--carpenters,47-3012,Line item,39.7,42.7,0.0,0.0,3.0,7.5,8.0
Helpers--electricians,47-3013,Line item,69.0,81.5,0.0,0.1,12.5,18.0,21.1
"Helpers--painters, paperhangers, plasterers, and stucco masons",47-3014,Line item,11.9,13.1,0.0,0.0,1.2,10.5,2.7
"Helpers--pipelayers, plumbers, pipefitters, and steamfitters",47-3015,Line item,52.4,59.4,0.0,0.0,7.0,13.4,13.6
Helpers--roofers,47-3016,Line item,11.3,13.0,0.0,0.0,1.7,15.3,3.1
"Helpers, construction trades, all other",47-3019,Line item,19.5,21.5,0.0,0.0,2.0,10.2,4.4
Other construction and related workers,47-4000,Summary,418.2,449.5,0.3,0.3,31.3,7.5,133.0
Construction and building inspectors,47-4011,Line item,101.2,109.2,0.1,0.1,8.1,8.0,36.3
Elevator installers and repairers,47-4021,Line item,20.7,23.4,0.0,0.0,2.7,13.0,5.9
Fence erectors,47-4031,Line item,24.4,26.4,0.0,0.0,2.0,8.0,6.7
Hazardous materials removal workers,47-4041,Line item,43.7,47.0,0.0,0.0,3.3,7.4,13.0
Highway maintenance workers,47-4051,Line item,151.3,158.6,0.1,0.1,7.3,4.8,47.6
Rail-track laying and maintenance equipment operators,47-4061,Line item,15.6,17.0,0.0,0.0,1.5,9.3,5.3
Septic tank servicers and sewer pipe cleaners,47-4071,Line item,24.7,28.7,0.0,0.0,4.0,16.3,10.1
Miscellaneous construction and related workers,47-4090,Summary,36.6,39.2,0.0,0.0,2.6,7.0,8.1
Segmental pavers,47-4091,Line item,1.3,1.4,0.0,0.0,0.1,9.3,0.3
"Construction and related workers, all other",47-4099,Line item,35.4,37.8,0.0,0.0,2.4,6.9,7.8
Extraction workers,47-5000,Summary,282.2,305.4,0.2,0.2,23.2,8.2,94.0
"Derrick, rotary drill, and service unit operators, oil, gas, and mining",47-5010,Summary,114.3,125.5,0.1,0.1,11.1,9.7,50.2
"Derrick operators, oil and gas",47-5011,Line item,21.7,24.6,0.0,0.0,2.9,13.3,10.3
"Rotary drill operators, oil and gas",47-5012,Line item,27.7,31.2,0.0,0.0,3.5,12.7,13.0
"Service unit operators, oil, gas, and mining",47-5013,Line item,64.9,69.6,0.0,0.0,4.7,7.3,26.9
"Earth drillers, except oil and gas",47-5021,Line item,20.0,22.7,0.0,0.0,2.7,13.6,7.2
"Explosives workers, ordnance handling experts, and blasters",47-5031,Line item,8.1,8.4,0.0,0.0,0.3,3.9,1.9
Mining machine operators,47-5040,Summary,22.3,21.5,0.0,0.0,-0.8,-3.5,4.3
Continuous mining machine operators,47-5041,Line item,12.3,11.6,0.0,0.0,-0.6,-5.3,2.4
Mine cutting and channeling machine operators,47-5042,Line item,7.4,7.3,0.0,0.0,-0.1,-1.8,1.4
"Mining machine operators, all other",47-5049,Line item,2.6,2.6,0.0,0.0,0.0,0.3,0.5
"Rock splitters, quarry",47-5051,Line item,3.7,3.9,0.0,0.0,0.3,6.9,0.7
"Roof bolters, mining",47-5061,Line item,6.0,5.3,0.0,0.0,-0.6,-10.8,0.7
"Roustabouts, oil and gas",47-5071,Line item,76.4,82.7,0.1,0.1,6.3,8.3,21.3
Helpers--extraction workers,47-5081,Line item,25.8,29.0,0.0,0.0,3.2,12.6,6.2
"Extraction workers, all other",47-5099,Line item,5.7,6.3,0.0,0.0,0.7,11.9,1.3
"Installation, maintenance, and repair occupations",49-0000,Summary,"5,680.5","6,046.0",3.8,3.8,365.5,6.4,"1,708.9"
"Supervisors of installation, maintenance, and repair workers",49-1000,Summary,447.1,471.4,0.3,0.3,24.3,5.4,113.5
"First-line supervisors of mechanics, installers, and repairers",49-1011,Line item,447.1,471.4,0.3,0.3,24.3,5.4,113.5
"Electrical and electronic equipment mechanics, installers, and repairers",49-2000,Summary,610.9,610.7,0.4,0.4,-0.2,0.0,109.4
"Computer, automated teller, and office machine repairers",49-2011,Line item,131.6,134.8,0.1,0.1,3.2,2.4,28.6
Radio and telecommunications equipment installers and repairers,49-2020,Summary,232.2,225.2,0.2,0.1,-7.0,-3.0,21.8
"Radio, cellular, and tower equipment installers and repairs",49-2021,Line item,13.6,14.4,0.0,0.0,0.8,6.0,2.1
"Telecommunications equipment installers and repairers, except line installers",49-2022,Line item,218.6,210.8,0.1,0.1,-7.8,-3.6,19.7
"Miscellaneous electrical and electronic equipment mechanics, installers, and repairers",49-2090,Summary,247.1,250.7,0.2,0.2,3.6,1.5,59.0
Avionics technicians,49-2091,Line item,17.4,17.5,0.0,0.0,0.1,0.4,3.1
"Electric motor, power tool, and related repairers",49-2092,Line item,19.3,20.0,0.0,0.0,0.7,3.6,6.0
"Electrical and electronics installers and repairers, transportation equipment",49-2093,Line item,14.8,15.4,0.0,0.0,0.7,4.4,3.2
"Electrical and electronics repairers, commercial and industrial equipment",49-2094,Line item,67.8,67.8,0.0,0.0,0.1,0.1,11.8
"Electrical and electronics repairers, powerhouse, substation, and relay",49-2095,Line item,22.7,21.7,0.0,0.0,-1.0,-4.5,3.9
"Electronic equipment installers and repairers, motor vehicles",49-2096,Line item,11.5,5.8,0.0,0.0,-5.8,-50.0,2.0
Electronic home entertainment equipment installers and repairers,49-2097,Line item,29.6,30.3,0.0,0.0,0.7,2.4,4.9
Security and fire alarm systems installers,49-2098,Line item,64.0,72.3,0.0,0.0,8.2,12.9,24.1
"Vehicle and mobile equipment mechanics, installers, and repairers",49-3000,Summary,"1,678.8","1,786.5",1.1,1.1,107.8,6.4,518.7
Aircraft mechanics and service technicians,49-3011,Line item,119.9,121.5,0.1,0.1,1.6,1.3,30.1
Automotive technicians and repairers,49-3020,Summary,909.0,963.3,0.6,0.6,54.3,6.0,289.4
Automotive body and related repairers,49-3021,Line item,149.7,163.5,0.1,0.1,13.7,9.2,48.1
Automotive glass installers and repairers,49-3022,Line item,19.3,20.8,0.0,0.0,1.5,7.8,4.1
Automotive service technicians and mechanics,49-3023,Line item,739.9,779.0,0.5,0.5,39.1,5.3,237.2
Bus and truck mechanics and diesel engine specialists,49-3031,Line item,263.9,295.5,0.2,0.2,31.6,12.0,76.9
Heavy vehicle and mobile equipment service technicians and mechanics,49-3040,Summary,186.5,196.5,0.1,0.1,10.1,5.4,54.1
Farm equipment mechanics and service technicians,49-3041,Line item,40.3,43.2,0.0,0.0,2.9,7.2,12.4
"Mobile heavy equipment mechanics, except engines",49-3042,Line item,124.7,131.3,0.1,0.1,6.6,5.3,36.0
Rail car repairers,49-3043,Line item,21.5,22.0,0.0,0.0,0.6,2.7,5.7
Small engine mechanics,49-3050,Summary,71.7,74.9,0.0,0.0,3.2,4.4,17.6
Motorboat mechanics and service technicians,49-3051,Line item,22.5,23.1,0.0,0.0,0.6,2.7,5.1
Motorcycle mechanics,49-3052,Line item,17.0,18.0,0.0,0.0,1.0,6.0,4.4
Outdoor power equipment and other small engine mechanics,49-3053,Line item,32.3,33.8,0.0,0.0,1.5,4.8,8.1
"Miscellaneous vehicle and mobile equipment mechanics, installers, and repairers",49-3090,Summary,127.8,134.9,0.1,0.1,7.1,5.5,50.6
Bicycle repairers,49-3091,Line item,10.8,13.2,0.0,0.0,2.3,21.7,6.0
Recreational vehicle service technicians,49-3092,Line item,11.4,11.8,0.0,0.0,0.4,3.3,4.3
Tire repairers and changers,49-3093,Line item,105.5,109.9,0.1,0.1,4.3,4.1,40.3
"Other installation, maintenance, and repair occupations",49-9000,Summary,"2,943.7","3,177.3",2.0,2.0,233.6,7.9,967.4
Control and valve installers and repairers,49-9010,Summary,59.8,61.9,0.0,0.0,2.1,3.4,25.7
Mechanical door repairers,49-9011,Line item,17.4,19.3,0.0,0.0,1.9,10.7,8.7
"Control and valve installers and repairers, except mechanical door",49-9012,Line item,42.4,42.6,0.0,0.0,0.2,0.5,16.9
"Heating, air conditioning, and refrigeration mechanics and installers",49-9021,Line item,292.0,331.6,0.2,0.2,39.6,13.6,84.2
Home appliance repairers,49-9031,Line item,46.4,44.8,0.0,0.0,-1.6,-3.4,12.5
"Industrial machinery installation, repair, and maintenance workers",49-9040,Summary,466.2,539.6,0.3,0.3,73.4,15.7,182.9
Industrial machinery mechanics,49-9041,Line item,332.2,391.9,0.2,0.2,59.7,18.0,145.9
"Maintenance workers, machinery",49-9043,Line item,91.2,98.7,0.1,0.1,7.4,8.2,22.1
Millwrights,49-9044,Line item,40.9,47.1,0.0,0.0,6.2,15.2,14.5
"Refractory materials repairers, except brickmasons",49-9045,Line item,1.8,1.8,0.0,0.0,0.0,0.7,0.5
Line installers and repairers,49-9050,Summary,236.6,250.3,0.2,0.2,13.7,5.8,82.5
Electrical power-line installers and repairers,49-9051,Line item,118.6,131.6,0.1,0.1,13.0,11.0,60.3
Telecommunications line installers and repairers,49-9052,Line item,118.0,118.7,0.1,0.1,0.7,0.6,22.2
Precision instrument and equipment repairers,49-9060,Summary,75.8,78.7,0.1,0.0,2.9,3.9,17.2
Camera and photographic equipment repairers,49-9061,Line item,3.7,3.8,0.0,0.0,0.2,4.7,0.8
Medical equipment repairers,49-9062,Line item,48.0,50.9,0.0,0.0,2.9,6.1,11.5
Musical instrument repairers and tuners,49-9063,Line item,8.6,8.9,0.0,0.0,0.4,4.2,1.9
Watch repairers,49-9064,Line item,2.7,2.0,0.0,0.0,-0.7,-25.7,0.5
"Precision instrument and equipment repairers, all other",49-9069,Line item,12.8,13.0,0.0,0.0,0.2,1.4,2.5
"Maintenance and repair workers, general",49-9071,Line item,"1,374.7","1,458.1",0.9,0.9,83.5,6.1,443.7
Wind turbine service technicians,49-9081,Line item,4.4,9.2,0.0,0.0,4.8,108.0,5.5
"Miscellaneous installation, maintenance, and repair workers",49-9090,Summary,387.8,403.1,0.3,0.3,15.2,3.9,113.2
"Coin, vending, and amusement machine servicers and repairers",49-9091,Line item,34.9,31.9,0.0,0.0,-3.0,-8.7,4.6
Commercial divers,49-9092,Line item,4.4,6.0,0.0,0.0,1.6,36.9,2.3
"Fabric menders, except garment",49-9093,Line item,0.8,0.7,0.0,0.0,-0.1,-12.6,0.1
Locksmiths and safe repairers,49-9094,Line item,20.9,17.8,0.0,0.0,-3.1,-14.8,10.7
Manufactured building and mobile home installers,49-9095,Line item,4.0,2.8,0.0,0.0,-1.2,-30.0,1.0
Riggers,49-9096,Line item,20.8,22.6,0.0,0.0,1.8,8.7,7.2
Signal and track switch repairers,49-9097,Line item,9.5,9.5,0.0,0.0,0.0,-0.1,1.5
"Helpers--installation, maintenance, and repair workers",49-9098,Line item,129.0,141.2,0.1,0.1,12.2,9.4,53.8
"Installation, maintenance, and repair workers, all other",49-9099,Line item,163.5,170.6,0.1,0.1,7.1,4.3,32.0
Production occupations,51-0000,Summary,"9,230.3","8,948.3",6.1,5.6,-282.1,-3.1,"2,220.8"
Supervisors of production workers,51-1000,Summary,606.9,588.2,0.4,0.4,-18.7,-3.1,95.9
First-line supervisors of production and operating workers,51-1011,Line item,606.9,588.2,0.4,0.4,-18.7,-3.1,95.9
Assemblers and fabricators,51-2000,Summary,"1,834.0","1,824.3",1.2,1.1,-9.7,-0.5,377.2
"Aircraft structure, surfaces, rigging, and systems assemblers",51-2011,Line item,40.6,38.6,0.0,0.0,-2.0,-4.9,8.1
"Electrical, electronics, and electromechanical assemblers",51-2020,Summary,269.4,255.8,0.2,0.2,-13.6,-5.0,33.2
"Coil winders, tapers, and finishers",51-2021,Line item,14.9,14.1,0.0,0.0,-0.9,-5.7,1.8
Electrical and electronic equipment assemblers,51-2022,Line item,207.2,197.0,0.1,0.1,-10.2,-4.9,25.5
Electromechanical equipment assemblers,51-2023,Line item,47.2,44.7,0.0,0.0,-2.5,-5.3,5.8
Engine and other machine assemblers,51-2031,Line item,39.0,39.0,0.0,0.0,0.0,0.1,7.8
Structural metal fabricators and fitters,51-2041,Line item,79.2,80.8,0.1,0.1,1.6,2.0,14.6
Miscellaneous assemblers and fabricators,51-2090,Summary,"1,405.8","1,410.1",0.9,0.9,4.3,0.3,313.4
Fiberglass laminators and fabricators,51-2091,Line item,19.2,18.6,0.0,0.0,-0.6,-3.3,4.1
Team assemblers,51-2092,Line item,"1,144.2","1,137.7",0.8,0.7,-6.5,-0.6,245.7
Timing device assemblers and adjusters,51-2093,Line item,1.7,1.6,0.0,0.0,0.0,-1.9,0.4
"Assemblers and fabricators, all other",51-2099,Line item,240.7,252.2,0.2,0.2,11.5,4.8,63.2
Food processing workers,51-3000,Summary,786.1,808.9,0.5,0.5,22.7,2.9,186.1
Bakers,51-3011,Line item,185.3,198.3,0.1,0.1,13.0,7.0,53.6
"Butchers and other meat, poultry, and fish processing workers",51-3020,Summary,377.9,384.2,0.3,0.2,6.3,1.7,81.6
Butchers and meat cutters,51-3021,Line item,139.0,146.0,0.1,0.1,7.0,5.0,34.4
"Meat, poultry, and fish cutters and trimmers",51-3022,Line item,152.4,152.3,0.1,0.1,-0.2,-0.1,30.1
Slaughterers and meat packers,51-3023,Line item,86.4,85.9,0.1,0.1,-0.5,-0.6,17.1
Miscellaneous food processing workers,51-3090,Summary,223.0,226.3,0.1,0.1,3.3,1.5,51.0
"Food and tobacco roasting, baking, and drying machine operators and tenders",51-3091,Line item,18.5,18.7,0.0,0.0,0.1,0.7,4.0
Food batchmakers,51-3092,Line item,122.5,122.0,0.1,0.1,-0.5,-0.4,26.4
Food cooking machine operators and tenders,51-3093,Line item,37.5,38.0,0.0,0.0,0.5,1.3,8.3
"Food processing workers, all other",51-3099,Line item,44.4,47.7,0.0,0.0,3.3,7.4,12.4
Metal workers and plastic workers,51-4000,Summary,"1,971.5","1,872.5",1.3,1.2,-99.0,-5.0,562.7
Computer control programmers and operators,51-4010,Summary,173.9,204.7,0.1,0.1,30.7,17.7,83.6
"Computer-controlled machine tool operators, metal and plastic",51-4011,Line item,148.8,174.8,0.1,0.1,26.0,17.5,71.2
"Computer numerically controlled machine tool programmers, metal and plastic",51-4012,Line item,25.1,29.9,0.0,0.0,4.8,18.9,12.4
"Forming machine setters, operators, and tenders, metal and plastic",51-4020,Summary,128.8,101.7,0.1,0.1,-27.1,-21.0,31.7
"Extruding and drawing machine setters, operators, and tenders, metal and plastic",51-4021,Line item,73.4,55.5,0.0,0.0,-17.9,-24.4,18.1
"Forging machine setters, operators, and tenders, metal and plastic",51-4022,Line item,21.6,17.0,0.0,0.0,-4.6,-21.5,5.3
"Rolling machine setters, operators, and tenders, metal and plastic",51-4023,Line item,33.7,29.1,0.0,0.0,-4.6,-13.5,8.3
"Machine tool cutting setters, operators, and tenders, metal and plastic",51-4030,Summary,346.7,274.6,0.2,0.2,-72.0,-20.8,71.6
"Cutting, punching, and press machine setters, operators, and tenders, metal and plastic",51-4031,Line item,192.2,152.7,0.1,0.1,-39.5,-20.6,24.3
"Drilling and boring machine tool setters, operators, and tenders, metal and plastic",51-4032,Line item,17.8,14.1,0.0,0.0,-3.7,-20.5,3.1
"Grinding, lapping, polishing, and buffing machine tool setters, operators, and tenders, metal and plastic",51-4033,Line item,71.4,55.8,0.0,0.0,-15.7,-21.9,29.8
"Lathe and turning machine tool setters, operators, and tenders, metal and plastic",51-4034,Line item,42.9,34.3,0.0,0.0,-8.6,-20.0,10.6
"Milling and planing machine setters, operators, and tenders, metal and plastic",51-4035,Line item,22.4,17.8,0.0,0.0,-4.6,-20.6,3.9
Machinists,51-4041,Line item,399.7,438.9,0.3,0.3,39.2,9.8,154.7
"Metal furnace operators, tenders, pourers, and casters",51-4050,Summary,31.0,27.4,0.0,0.0,-3.6,-11.7,9.9
Metal-refining furnace operators and tenders,51-4051,Line item,21.2,20.2,0.0,0.0,-1.0,-4.8,6.7
"Pourers and casters, metal",51-4052,Line item,9.8,7.2,0.0,0.0,-2.6,-26.6,3.1
"Model makers and patternmakers, metal and plastic",51-4060,Summary,10.1,7.8,0.0,0.0,-2.2,-22.2,1.8
"Model makers, metal and plastic",51-4061,Line item,6.2,4.9,0.0,0.0,-1.3,-21.5,1.1
"Patternmakers, metal and plastic",51-4062,Line item,3.8,2.9,0.0,0.0,-0.9,-23.4,0.7
"Molders and molding machine setters, operators, and tenders, metal and plastic",51-4070,Summary,141.5,105.8,0.1,0.1,-35.7,-25.2,21.0
Foundry mold and coremakers,51-4071,Line item,12.0,8.7,0.0,0.0,-3.3,-27.7,1.8
"Molding, coremaking, and casting machine setters, operators, and tenders, metal and plastic",51-4072,Line item,129.5,97.2,0.1,0.1,-32.3,-25.0,19.2
"Multiple machine tool setters, operators, and tenders, metal and plastic",51-4081,Line item,99.8,97.3,0.1,0.1,-2.5,-2.5,17.3
Tool and die makers,51-4111,Line item,77.8,67.7,0.1,0.0,-10.1,-13.0,3.8
"Welding, soldering, and brazing workers",51-4120,Summary,457.5,461.2,0.3,0.3,3.7,0.8,145.6
"Welders, cutters, solderers, and brazers",51-4121,Line item,397.9,412.3,0.3,0.3,14.4,3.6,128.5
"Welding, soldering, and brazing machine setters, operators, and tenders",51-4122,Line item,59.5,48.8,0.0,0.0,-10.7,-18.0,17.1
Miscellaneous metal workers and plastic workers,51-4190,Summary,104.7,85.4,0.1,0.1,-19.2,-18.4,21.6
"Heat treating equipment setters, operators, and tenders, metal and plastic",51-4191,Line item,21.3,17.2,0.0,0.0,-4.2,-19.6,3.7
"Layout workers, metal and plastic",51-4192,Line item,13.4,10.7,0.0,0.0,-2.7,-20.1,2.3
"Plating and coating machine setters, operators, and tenders, metal and plastic",51-4193,Line item,36.1,29.4,0.0,0.0,-6.7,-18.4,8.9
"Tool grinders, filers, and sharpeners",51-4194,Line item,11.5,9.5,0.0,0.0,-2.0,-17.5,2.8
"Metal workers and plastic workers, all other",51-4199,Line item,22.4,18.7,0.0,0.0,-3.7,-16.6,3.9
Printing workers,51-5100,Summary,260.7,223.1,0.2,0.1,-37.6,-14.4,39.4
Prepress technicians and workers,51-5111,Line item,36.5,27.5,0.0,0.0,-9.0,-24.6,5.7
Printing press operators,51-5112,Line item,173.0,151.4,0.1,0.1,-21.6,-12.5,26.0
Print binding and finishing workers,51-5113,Line item,51.2,44.2,0.0,0.0,-7.0,-13.7,7.7
"Textile, apparel, and furnishings workers",51-6000,Summary,643.4,567.4,0.4,0.4,-76.0,-11.8,102.0
Laundry and dry-cleaning workers,51-6011,Line item,208.2,212.0,0.1,0.1,3.7,1.8,33.6
"Pressers, textile, garment, and related materials",51-6021,Line item,51.5,48.1,0.0,0.0,-3.4,-6.6,12.1
Sewing machine operators,51-6031,Line item,153.9,112.2,0.1,0.1,-41.7,-27.1,9.4
Shoe and leather workers,51-6040,Summary,13.3,10.7,0.0,0.0,-2.6,-19.2,2.0
Shoe and leather workers and repairers,51-6041,Line item,9.7,8.2,0.0,0.0,-1.5,-15.1,1.6
Shoe machine operators and tenders,51-6042,Line item,3.5,2.5,0.0,0.0,-1.1,-30.5,0.4
"Tailors, dressmakers, and sewers",51-6050,Summary,52.5,47.9,0.0,0.0,-4.6,-8.8,17.5
"Sewers, hand",51-6051,Line item,12.0,10.8,0.0,0.0,-1.2,-9.8,4.0
"Tailors, dressmakers, and custom sewers",51-6052,Line item,40.5,37.0,0.0,0.0,-3.4,-8.5,13.5
"Textile machine setters, operators, and tenders",51-6060,Summary,79.9,60.5,0.1,0.0,-19.4,-24.3,12.3
Textile bleaching and dyeing machine operators and tenders,51-6061,Line item,11.7,8.9,0.0,0.0,-2.8,-23.9,1.2
"Textile cutting machine setters, operators, and tenders",51-6062,Line item,14.3,10.6,0.0,0.0,-3.7,-25.7,2.3
"Textile knitting and weaving machine setters, operators, and tenders",51-6063,Line item,27.9,20.6,0.0,0.0,-7.3,-26.2,4.6
"Textile winding, twisting, and drawing out machine setters, operators, and tenders",51-6064,Line item,26.0,20.3,0.0,0.0,-5.6,-21.7,4.2
"Miscellaneous textile, apparel, and furnishings workers",51-6090,Summary,84.0,76.1,0.1,0.0,-8.0,-9.5,15.1
"Extruding and forming machine setters, operators, and tenders, synthetic and glass fibers",51-6091,Line item,20.1,17.3,0.0,0.0,-2.8,-14.1,2.1
Fabric and apparel patternmakers,51-6092,Line item,5.4,4.0,0.0,0.0,-1.4,-26.0,0.6
Upholsterers,51-6093,Line item,42.2,40.4,0.0,0.0,-1.8,-4.3,10.8
"Textile, apparel, and furnishings workers, all other",51-6099,Line item,16.2,14.3,0.0,0.0,-1.9,-11.8,1.7
Woodworkers,51-7000,Summary,254.6,253.1,0.2,0.2,-1.5,-0.6,42.9
Cabinetmakers and bench carpenters,51-7011,Line item,98.1,99.3,0.1,0.1,1.3,1.3,9.2
Furniture finishers,51-7021,Line item,17.1,16.7,0.0,0.0,-0.4,-2.4,3.0
"Model makers and patternmakers, wood",51-7030,Summary,4.4,4.4,0.0,0.0,0.0,-0.9,1.0
"Model makers, wood",51-7031,Line item,2.6,2.6,0.0,0.0,0.0,-1.4,0.6
"Patternmakers, wood",51-7032,Line item,1.8,1.8,0.0,0.0,0.0,-0.3,0.4
"Woodworking machine setters, operators, and tenders",51-7040,Summary,122.0,119.8,0.1,0.1,-2.2,-1.8,26.7
"Sawing machine setters, operators, and tenders, wood",51-7041,Line item,50.0,49.5,0.0,0.0,-0.5,-1.1,14.2
"Woodworking machine setters, operators, and tenders, except sawing",51-7042,Line item,72.1,70.4,0.0,0.0,-1.7,-2.4,12.5
"Woodworkers, all other",51-7099,Line item,12.9,12.9,0.0,0.0,0.0,-0.3,3.0
Plant and system operators,51-8000,Summary,325.2,325.9,0.2,0.2,0.7,0.2,110.7
"Power plant operators, distributors, and dispatchers",51-8010,Summary,60.0,56.7,0.0,0.0,-3.3,-5.6,20.6
Nuclear power reactor operators,51-8011,Line item,7.5,7.4,0.0,0.0,-0.1,-0.9,2.6
Power distributors and dispatchers,51-8012,Line item,11.4,10.8,0.0,0.0,-0.6,-5.1,3.9
Power plant operators,51-8013,Line item,41.1,38.4,0.0,0.0,-2.7,-6.6,14.1
Stationary engineers and boiler operators,51-8021,Line item,39.1,39.7,0.0,0.0,0.6,1.4,11.2
Water and wastewater treatment plant and system operators,51-8031,Line item,117.0,124.0,0.1,0.1,7.0,6.0,36.7
Miscellaneous plant and system operators,51-8090,Summary,109.1,105.6,0.1,0.1,-3.5,-3.2,42.1
Chemical plant and system operators,51-8091,Line item,38.1,34.6,0.0,0.0,-3.5,-9.2,14.4
Gas plant operators,51-8092,Line item,16.7,16.1,0.0,0.0,-0.6,-3.4,6.3
"Petroleum pump system operators, refinery operators, and gaugers",51-8093,Line item,42.4,43.4,0.0,0.0,0.9,2.2,17.0
"Plant and system operators, all other",51-8099,Line item,11.9,11.5,0.0,0.0,-0.4,-3.2,4.5
Other production occupations,51-9000,Summary,"2,548.1","2,484.9",1.7,1.5,-63.2,-2.5,703.9
"Chemical processing machine setters, operators, and tenders",51-9010,Summary,110.1,104.1,0.1,0.1,-6.0,-5.5,34.7
Chemical equipment operators and tenders,51-9011,Line item,66.3,60.8,0.0,0.0,-5.5,-8.3,20.9
"Separating, filtering, clarifying, precipitating, and still machine setters, operators, and tenders",51-9012,Line item,43.8,43.3,0.0,0.0,-0.6,-1.3,13.8
"Crushing, grinding, polishing, mixing, and blending workers",51-9020,Summary,185.2,174.4,0.1,0.1,-10.8,-5.8,40.1
"Crushing, grinding, and polishing machine setters, operators, and tenders",51-9021,Line item,30.2,27.9,0.0,0.0,-2.3,-7.5,6.5
"Grinding and polishing workers, hand",51-9022,Line item,29.9,27.3,0.0,0.0,-2.6,-8.8,6.5
"Mixing and blending machine setters, operators, and tenders",51-9023,Line item,125.1,119.2,0.1,0.1,-5.9,-4.7,27.1
Cutting workers,51-9030,Summary,79.4,71.5,0.1,0.0,-7.9,-10.0,15.8
"Cutters and trimmers, hand",51-9031,Line item,15.8,13.0,0.0,0.0,-2.8,-17.5,3.1
"Cutting and slicing machine setters, operators, and tenders",51-9032,Line item,63.6,58.4,0.0,0.0,-5.2,-8.1,12.7
"Extruding, forming, pressing, and compacting machine setters, operators, and tenders",51-9041,Line item,68.2,59.0,0.0,0.0,-9.2,-13.6,24.4
"Furnace, kiln, oven, drier, and kettle operators and tenders",51-9051,Line item,20.9,18.9,0.0,0.0,-2.0,-9.7,5.5
"Inspectors, testers, sorters, samplers, and weighers",51-9061,Line item,496.6,495.5,0.3,0.3,-1.1,-0.2,124.8
Jewelers and precious stone and metal workers,51-9071,Line item,39.8,35.3,0.0,0.0,-4.5,-11.3,6.2
"Medical, dental, and ophthalmic laboratory technicians",51-9080,Summary,83.5,92.2,0.1,0.1,8.7,10.4,28.8
Dental laboratory technicians,51-9081,Line item,38.7,42.9,0.0,0.0,4.2,10.8,13.5
Medical appliance technicians,51-9082,Line item,14.6,16.1,0.0,0.0,1.6,10.7,5.1
Ophthalmic laboratory technicians,51-9083,Line item,30.2,33.2,0.0,0.0,3.0,9.8,10.2
Packaging and filling machine operators and tenders,51-9111,Line item,378.4,382.2,0.3,0.2,3.8,1.0,138.7
Painting workers,51-9120,Summary,169.5,171.7,0.1,0.1,2.1,1.3,35.2
"Coating, painting, and spraying machine setters, operators, and tenders",51-9121,Line item,97.7,97.0,0.1,0.1,-0.7,-0.7,18.4
"Painters, transportation equipment",51-9122,Line item,54.3,57.5,0.0,0.0,3.2,5.9,13.4
"Painting, coating, and decorating workers",51-9123,Line item,17.5,17.2,0.0,0.0,-0.3,-2.0,3.3
Semiconductor processors,51-9141,Line item,25.3,23.2,0.0,0.0,-2.1,-8.3,5.2
Photographic process workers and processing machine operators,51-9151,Line item,28.8,19.4,0.0,0.0,-9.5,-32.9,5.6
Miscellaneous production workers,51-9190,Summary,862.2,837.6,0.6,0.5,-24.6,-2.9,238.9
Adhesive bonding machine operators and tenders,51-9191,Line item,18.4,17.1,0.0,0.0,-1.2,-6.8,4.8
"Cleaning, washing, and metal pickling equipment operators and tenders",51-9192,Line item,18.5,18.6,0.0,0.0,0.1,0.4,4.9
Cooling and freezing equipment operators and tenders,51-9193,Line item,8.8,8.7,0.0,0.0,-0.1,-0.6,1.8
Etchers and engravers,51-9194,Line item,9.7,9.5,0.0,0.0,-0.3,-2.7,2.5
"Molders, shapers, and casters, except metal and plastic",51-9195,Line item,41.4,38.9,0.0,0.0,-2.5,-6.0,14.2
"Paper goods machine setters, operators, and tenders",51-9196,Line item,91.9,82.0,0.1,0.1,-9.9,-10.7,13.0
Tire builders,51-9197,Line item,18.1,15.6,0.0,0.0,-2.5,-13.6,4.7
Helpers--production workers,51-9198,Line item,419.2,403.2,0.3,0.3,-16.1,-3.8,136.8
"Production workers, all other",51-9199,Line item,236.2,244.0,0.2,0.2,7.7,3.3,56.1
Transportation and material moving occupations,53-0000,Summary,"9,748.5","10,215.3",6.5,6.4,466.8,4.8,"2,852.9"
Supervisors of transportation and material moving workers,53-1000,Summary,378.6,388.3,0.3,0.2,9.6,2.5,131.0
Aircraft cargo handling supervisors,53-1011,Line item,5.8,5.8,0.0,0.0,0.0,0.5,1.9
"First-line supervisors of helpers, laborers, and material movers, hand",53-1021,Line item,173.1,176.9,0.1,0.1,3.8,2.2,59.3
First-line supervisors of transportation and material-moving machine and vehicle operators,53-1031,Line item,199.7,205.6,0.1,0.1,5.9,2.9,69.9
Air transportation workers,53-2000,Summary,248.8,254.5,0.2,0.2,5.7,2.3,64.5
Aircraft pilots and flight engineers,53-2010,Summary,119.2,124.5,0.1,0.1,5.4,4.5,34.4
"Airline pilots, copilots, and flight engineers",53-2011,Line item,75.7,76.5,0.1,0.0,0.8,1.1,19.3
Commercial pilots,53-2012,Line item,43.5,48.0,0.0,0.0,4.5,10.5,15.1
Air traffic controllers and airfield operations specialists,53-2020,Summary,31.7,29.9,0.0,0.0,-1.8,-5.8,10.0
Air traffic controllers,53-2021,Line item,24.5,22.4,0.0,0.0,-2.1,-8.6,7.5
Airfield operations specialists,53-2022,Line item,7.2,7.5,0.0,0.0,0.3,3.9,2.5
Flight attendants,53-2031,Line item,97.9,100.1,0.1,0.1,2.2,2.2,20.1
Motor vehicle operators,53-3000,Summary,"4,108.0","4,334.7",2.7,2.7,226.7,5.5,912.6
"Ambulance drivers and attendants, except emergency medical technicians",53-3011,Line item,19.6,26.1,0.0,0.0,6.5,33.0,9.8
Bus drivers,53-3020,Summary,665.0,702.5,0.4,0.4,37.5,5.6,124.9
"Bus drivers, transit and intercity",53-3021,Line item,167.8,177.6,0.1,0.1,9.8,5.9,31.9
"Bus drivers, school or special client",53-3022,Line item,497.3,524.9,0.3,0.3,27.7,5.6,93.0
Driver/sales workers and truck drivers,53-3030,Summary,"3,127.7","3,274.5",2.1,2.0,146.8,4.7,678.9
Driver/sales workers,53-3031,Line item,445.3,466.1,0.3,0.3,20.8,4.7,96.6
Heavy and tractor-trailer truck drivers,53-3032,Line item,"1,797.7","1,896.4",1.2,1.2,98.8,5.5,404.5
Light truck or delivery services drivers,53-3033,Line item,884.7,911.9,0.6,0.6,27.3,3.1,177.8
Taxi drivers and chauffeurs,53-3041,Line item,233.7,264.4,0.2,0.2,30.6,13.1,74.8
"Motor vehicle operators, all other",53-3099,Line item,62.0,67.3,0.0,0.0,5.3,8.6,24.3
Rail transportation workers,53-4000,Summary,129.1,126.4,0.1,0.1,-2.7,-2.1,50.7
Locomotive engineers and operators,53-4010,Summary,46.1,44.0,0.0,0.0,-2.1,-4.5,18.3
Locomotive engineers,53-4011,Line item,40.4,39.5,0.0,0.0,-0.9,-2.3,16.0
Locomotive firers,53-4012,Line item,1.7,0.5,0.0,0.0,-1.2,-69.9,0.7
"Rail yard engineers, dinkey operators, and hostlers",53-4013,Line item,4.0,4.1,0.0,0.0,0.1,1.5,1.6
"Railroad brake, signal, and switch operators",53-4021,Line item,22.1,21.7,0.0,0.0,-0.4,-1.8,8.4
Railroad conductors and yardmasters,53-4031,Line item,45.1,44.3,0.0,0.0,-0.9,-1.9,17.2
Subway and streetcar operators,53-4041,Line item,12.0,12.5,0.0,0.0,0.6,4.7,5.2
"Rail transportation workers, all other",53-4099,Line item,3.8,3.9,0.0,0.0,0.0,1.3,1.5
Water transportation workers,53-5000,Summary,78.5,85.7,0.1,0.1,7.2,9.2,32.8
Sailors and marine oilers,53-5011,Line item,28.3,30.9,0.0,0.0,2.6,9.1,9.9
Ship and boat captains and operators,53-5020,Summary,39.8,43.7,0.0,0.0,3.9,9.7,19.4
"Captains, mates, and pilots of water vessels",53-5021,Line item,35.1,38.7,0.0,0.0,3.6,10.2,17.2
Motorboat operators,53-5022,Line item,4.7,5.0,0.0,0.0,0.3,6.3,2.1
Ship engineers,53-5031,Line item,10.3,11.1,0.0,0.0,0.8,7.5,3.5
Other transportation workers,53-6000,Summary,334.9,355.4,0.2,0.2,20.6,6.1,173.6
Bridge and lock tenders,53-6011,Line item,3.5,3.4,0.0,0.0,0.0,-1.1,1.8
Parking lot attendants,53-6021,Line item,135.6,141.3,0.1,0.1,5.8,4.2,81.3
Automotive and watercraft service attendants,53-6031,Line item,105.8,117.6,0.1,0.1,11.7,11.1,53.8
Traffic technicians,53-6041,Line item,6.8,7.2,0.0,0.0,0.4,6.3,3.9
Transportation inspectors,53-6051,Line item,26.4,26.7,0.0,0.0,0.3,1.2,7.1
"Transportation attendants, except flight attendants",53-6061,Line item,16.5,17.6,0.0,0.0,1.0,6.4,4.1
"Transportation workers, all other",53-6099,Line item,40.2,41.6,0.0,0.0,1.3,3.3,21.7
Material moving workers,53-7000,Summary,"4,470.6","4,670.3",3.0,2.9,199.7,4.5,"1,487.7"
Conveyor operators and tenders,53-7011,Line item,39.7,39.6,0.0,0.0,-0.1,-0.2,11.5
Crane and tower operators,53-7021,Line item,45.5,49.0,0.0,0.0,3.4,7.6,19.2
"Dredge, excavating, and loading machine operators",53-7030,Summary,60.9,64.4,0.0,0.0,3.5,5.8,10.7
Dredge operators,53-7031,Line item,2.2,2.3,0.0,0.0,0.2,8.7,0.4
Excavating and loading machine and dragline operators,53-7032,Line item,53.9,57.3,0.0,0.0,3.4,6.2,9.7
"Loading machine operators, underground mining",53-7033,Line item,4.8,4.8,0.0,0.0,0.0,-0.1,0.6
Hoist and winch operators,53-7041,Line item,2.9,2.9,0.0,0.0,0.0,1.7,0.9
Industrial truck and tractor operators,53-7051,Line item,530.9,543.5,0.4,0.3,12.6,2.4,144.7
"Laborers and material movers, hand",53-7060,Summary,"3,587.8","3,753.9",2.4,2.3,166.1,4.6,"1,224.9"
Cleaners of vehicles and equipment,53-7061,Line item,346.9,380.0,0.2,0.2,33.1,9.5,154.0
"Laborers and freight, stock, and material movers, hand",53-7062,Line item,"2,441.3","2,566.4",1.6,1.6,125.1,5.1,851.7
Machine feeders and offbearers,53-7063,Line item,104.2,100.7,0.1,0.1,-3.5,-3.4,22.9
"Packers and packagers, hand",53-7064,Line item,695.4,706.9,0.5,0.4,11.5,1.7,196.4
Pumping station operators,53-7070,Summary,32.1,35.2,0.0,0.0,3.1,9.7,19.4
Gas compressor and gas pumping station operators,53-7071,Line item,5.1,5.3,0.0,0.0,0.2,3.4,2.8
"Pump operators, except wellhead pumpers",53-7072,Line item,13.1,14.2,0.0,0.0,1.1,8.4,7.8
Wellhead pumpers,53-7073,Line item,13.9,15.8,0.0,0.0,1.8,13.1,8.9
Refuse and recyclable material collectors,53-7081,Line item,131.5,140.9,0.1,0.1,9.4,7.1,42.4
Mine shuttle car operators,53-7111,Line item,2.7,2.6,0.0,0.0,-0.1,-2.2,0.8
"Tank car, truck, and ship loaders",53-7121,Line item,13.0,13.5,0.0,0.0,0.5,4.0,4.6
"Material moving workers, all other",53-7199,Line item,23.6,24.7,0.0,0.0,1.0,4.4,8.5
"Source: Employment Projections program, U.S. Bureau of Labor Statistics",,,,,,,,,